"","Astrocytes","Endothelial","Fetal_quiescent","Fetal_replicating","Microglia","Neurons","Oligodendrocytes","OPC"
"R3509",0.326630029549845,0.136860260345467,0.0663899009208222,-6.94676149713728e-18,0.111116812029858,0.774147665297536,0.236997592211855,0
"R3098",0.618038546699813,0.365364807907719,0.0803176457498242,5.15295484525246e-17,0.0539146754633945,0.336032411058077,0.193832395866216,0
"R3440",0.131253723635717,0.125285390730964,0.946438295216782,0,0.0137790530552196,0.203205726302718,1.61408838389652e-19,0.0469414577480918
"R3915",0.323793819035193,0.106746724955046,0.0901746314861138,-7.20011462117602e-18,0.00340326497646339,0.794487358390859,0.302095880308711,0
"R5599",0.557034492000232,0.238251968158558,0.0555704068454124,-1.65714489107665e-17,0.167116815215521,0.456214991719277,0.278151749893324,0
"R4222",0.214296455919736,0.16873531291461,0.282943562113312,5.55111512312578e-17,0.0214252927514212,0.741183151958818,0.11734718925483,0.0565763332284191
"R3491",0.292549142362714,0.0583821439813506,0.0367315453393322,-1.2474934226707e-17,0.0497351023495238,0.644890019262419,0.530451489792288,0
"R5805",0.0182230180984058,0.183185841777061,1.09482669531994,-9.95575152471717e-19,0.0619281536253161,0.154813382776622,0,0
"R3991",0.444313449472621,0.252487505953163,0.0186137953074239,-1.63392666944754e-17,0.0831074210896566,0.665306031725198,0.187227714983094,0
"R2906",0.172309443330993,0.181836934790868,0.0656551133791266,4.73896602470089e-17,0.0301760026478842,0.92811578746706,0.125128778179675,0
"R5885",0.436847787406406,0.159774953675363,0.0292571672377878,0,0.0807317654183487,0.746824223322601,0.174172712768534,0.000614856716039419
"R2894",0.423698858759336,0.104191410540844,0.0630419543583164,-1.10612588412019e-17,0.0909251529397646,0.764888654677576,0.174568841307681,0
"R3476",0.265936348346198,0.0963775493054508,0.616918769083151,-1.80775547511309e-18,0,0.550586250170598,-5.51846473003778e-18,0.077499899935483
"R5623",0.322983722854946,0.0532510886759251,0.0506114876120764,-9.46604674604464e-18,0.0921094819976584,0.820660506952053,0.274017040370977,0
"R5848",0.26312506561915,0.151573349420534,0.0912160730862786,-2.26629083800711e-17,0.100874963402778,0.787745677252185,0.245504941104498,0
"R3766",0.160015106001421,0.143689209654929,0.0229649541288515,-8.24514982871382e-18,0.0981997369342969,0.876638139164694,0.343585323142593,0
"R2857",0.357277685999242,0.13776481673229,0.0602290136710259,-1.52279907821494e-17,0.0199909140694453,0.699948788077679,0.248018370255525,0
"R3449",0.170235696895389,0.089686901963898,0.793187858451268,0.0610113043315337,0.102582827172715,0.264118714513084,0.0038534443772168,0.0886308263043828
"R3384",0.36477750340035,0.0795114211402149,0.0715554759566645,-6.02940866528935e-17,0.0506170603946513,0.792216637437318,0.204692297209778,0
"R3763",0.482434525622469,0.284598566650731,0.0190096728420124,-2.50529351443e-17,0.0826602277497604,0.371183480861965,0.456649055116813,0
"R4179",0.401887784180639,0.0483808623323771,0.0879193060685449,-1.51676021683031e-18,0,0.777053144249744,0.23620205008925,2.70574659019009e-19
"R3924",0.124974291413154,0.191583378668055,0.0430179681717102,-1.4472181412833e-17,0.0245999635019068,0.883612994988995,0.239563221168069,0
"R3556",0.0229577175653081,0.144067351260849,0.123141469131161,-6.45512608887253e-18,0.116299707759358,0.970023342968195,0.174999269772073,0
"R5748",0.198024758551459,0.143289409060237,0.021134231083979,-1.57949751156403e-17,0.0848759752116235,0.56770400186251,0.483266865815036,0
"R2958",0.14476426019439,0.111422907864752,0.0370871750864607,-1.4482370394077e-17,0.0904571424275866,0.693098568743035,0.469555541525415,0
"R3460",0.28531630296964,0.114780010244059,0.0592923867208582,-1.08093759047634e-17,0.0650053249358777,0.769373135145167,0.333771726993767,0
"R2836",0.183217315434695,0.10540435927182,0.0338129457415774,-6.51948637985234e-17,0.0765765790628739,0.825705425277163,0.357704857065549,0
"R3568",0.242498175528142,0.0857618216978402,0.0359736332254288,4.82931948936993e-17,0.0746137300750241,0.858360520220555,0.254824677516587,0
"R5817",0.357645482411491,0.437908196392839,0.556669131325279,-1.28890759770172e-17,0,0.274966693474979,-2.18686254352485e-18,5.37181246567821e-18
"R3479",0.145679319349398,0.110419106524047,0.057944277352529,-7.16846398537032e-18,0.0770196760786365,0.874055901486675,0.300738681798592,0
"R3590",0.5679879714116,0.273215060038302,0.172917189800853,0,0.0505974565946724,0.430349245079942,0.0944634604102501,0.122219611790803
"R3087",0.502671245905481,0.437868420727396,0.0230541099835156,4.71190489962010e-17,0.0803621996977269,0.133028892930076,0.467453605496229,0
"R3416",0.149739180441734,0.131756425375363,0.947558433296314,0.0623959708121896,0.00178029280830528,0.132395234060152,0,0.0275729761903319
"R3601",0.22777111183552,0.145736828246542,0.157421664733322,-7.17866903812027e-18,0.0799890168948603,0.797165613902074,0.261544761900964,0
"R2835",0.113912194371583,0.100110601737344,0.0489775882474898,-1.66296332919161e-17,0.0746248871747185,0.767217168260726,0.489574620775053,0
"R5628",0.512190490740344,0.242878944775681,0.0457356186178637,-9.95221609834115e-18,0.0505638753526629,0.536620277955855,0.177610440340496,0
"R4076",0.177770151203612,0.213024162544179,0.0636095185170469,-1.93137697033385e-18,0.12189317876809,0.828338588413323,0.193460855051436,0
"R2945",0.376137924028749,0.129216712352945,0.0529276397636091,-1.40365086099981e-18,0.0112009413647661,0.703504188016331,0.322609024546757,0
"R2947",0.334144030552201,0.106823806412249,0.0481286999119652,-1.43642039812108e-17,0,0.649441185058563,0.475862913235344,4.07603653953925e-19
"R3510",0.344481231795835,0.246524133687158,0.125296488022586,0,0.0770766315968007,0.774267750326081,0.00287969915729881,0.144472984414603
"R4235",0.145589507992954,0.0905755730005516,0.04553319428898,-4.75150920509628e-18,0.0772838912244292,0.798112622372849,0.41585419936398,0
"R3584",0.152423235716569,0.0768262733568963,0.0721888282920829,4.5602681445409e-17,0.143715291091075,0.703020721369787,0.504417161084223,0
"R3389",0.130446546244846,0.089045157867094,0.760863875255082,0.110650589024803,0.0321165918205608,0.280867758288703,0.00509924627307324,0.06263303374806
"R3597",0.393703541780793,0.10746615772076,0.0511368123439358,-1.15792332625447e-17,0.12274417502619,0.707875300019855,0.282217309171723,0
"R4054",0.22039167246769,0.0638416159601573,0.0457690117832193,-1.24911572157048e-17,0.0973881309482229,0.798081087555374,0.370388551062178,0
"R3444",0.366549906259431,0.122315570732137,0.0223332586145627,-5.01702224120226e-18,0.0905320939080785,0.744334999546183,0.283752121334757,0
"R4260",0.220567539402227,0.140043786351994,0.0675265239917803,-2.47495575102634e-18,0.10978444813012,0.73600583973644,0.378957373421596,0
"R5624",0.32966304438976,0.108143917358627,0.054432317870989,-9.73662533998681e-18,0.0285602418763182,0.81382966080787,0.214134487067399,0
"R2944",0.250352105566697,0.137099892055851,0.0435330949881809,3.93044758935941e-17,0.0803280931344623,0.806054089136927,0.280792345247586,0
"R4010",0.362010244894498,0.265642657578177,0.021219400750972,-8.71558695222636e-18,0.0895261812709096,0.678751048821622,0.284641211277783,0
"R3550",0.478380224270588,0.204637166909489,0.285418634563072,0,0.0334447864732004,0.574358816341768,0.0325057299590602,0.0991218161814785
"R3935",0.304215905405584,0.0801287813632797,0.0387193346810942,-1.20826036051027e-17,0.112723246959741,0.547078399838427,0.569307936521286,0
"R3445",0.229124489159916,0.0966243625351663,0.00402147059020556,-9.32178210907694e-18,0.165387448793459,0.708590711344095,0.453848716005492,0
"R3512",0.316309406094517,0.0249067547046985,0.0871312526364677,-8.27149331176695e-18,0.109990297441165,0.781204189386994,0.320122629407652,0
"R2897",0.195235948898491,0.0921508358562412,0.0240334314235867,-1.91073751703578e-18,0.0833911446378871,0.890898520202972,0.234111579861111,0
"R3578",0.640901826697594,0.350428599973435,0.203440759154513,0,0.0625853552103555,0.227455873415235,0.0435459691204409,0.130614998234744
"R3547",0.473659978325724,0.217897783686753,0.132717369153858,-1.39060764344621e-19,0.0835806893349278,0.527216823109737,0.294465943603962,0
"R4303",0.150434910359768,0.0872417685991118,0.0340365798786735,-1.05624025350593e-17,0.0601596582161654,0.698227752361272,0.557647583152596,0
"R3390",0.109040552311356,0.154372441854496,0.937678203287151,-2.16270485464791e-18,0.0205810385280419,0.248991028861916,0,0.0121905424914801
"R5783",0.0352187609255531,0.151240794899036,1.11125569940823,-9.43210181751181e-18,0.00646628802795823,0.167445874002871,0,1.72616004173718e-18
"R5601",0.306351379929793,0.158562878532575,0.0557088964033754,4.58417183001202e-17,0.118308194506009,0.788669417025885,0.211908533172556,0
"R3393",0.191655472161746,0.220480038013888,0.0375583696165705,-1.30654562978745e-17,0.00554213270859375,0.907600221025537,0.159665425764618,0
"R3937",0.0653536144223315,0.15503190835283,0.0865263780758163,-1.1408913328902e-17,0.00929518437868046,0.986579738206151,0.160797917791491,0
"R4699",0.464170442111024,0.125511606523249,0.114629938931854,0,0.075139639190436,0.667689646498066,0.209393676618081,0.0252703953690665
"R4047",0.252664391346095,0.145287801546671,0.0522806385520476,-4.34210639936669e-18,0.12164680437415,0.804607253168096,0.252849726768283,0
"R3014",0.12004863545525,0.100442905294813,0.0680003672525279,-6.94436299631871e-17,0.0304114670951047,0.853118247303517,0.343806774679227,0
"R3543",0.256457122552224,0.123451041514287,0.0378420010002839,-6.24261430987785e-18,0.136160353716742,0.808893134118967,0.267747514509994,0
"R3392",0.0919505699640514,0.16339096847158,0.923112995707833,-2.5330365499447e-18,0.0168284247592408,0.271540863004362,3.46944695195361e-18,0.0165928494623321
"R3396",0.197449816973438,0.0753120473869678,0.0355251451439018,-1.49404801734996e-17,0.256444668086405,0.114428126378918,0.80014340999604,0
"R4394",0.113828076847554,0.0992954815128328,0.0699998379713518,-8.76632114328442e-18,0.0670721888628641,0.879757816342424,0.332904625121221,0
"R3447",0.0780406308229697,0.133413572099087,0.0558298580175216,-5.67911941726727e-19,0.0875001601519694,0.907231712307716,0.261912049761645,0
"R4356",0.241284313556811,0.111913856315464,0.0454708639200525,-7.79353864611453e-18,0.078155686716471,0.861119058491324,0.226431305952373,0
"R3791",0.28968828684703,0.128393746763238,0.0506292549112101,-6.91509973127409e-17,0.101549442674833,0.927916232683449,0.143157137466227,0
"R4044",0.147895829507842,0.17654997576607,0.057937600208554,-3.30182970320012e-18,0.0807003303652134,0.897117534783921,0.17608982024914,0
"R4048",0.250183318907541,0.0867433444180426,0.0515345281568892,5.06978700642851e-17,0.101269870059996,0.85507575294699,0.205706928698801,0
"R4049",0.198774774496818,0.110644947628295,0.0759318587897881,-1.11981017362757e-17,0.0233348057733275,0.817941843862456,0.31292225049054,0
"R4326",0.171005343542775,0.170406814761459,0.0667110784368503,-1.17319978449202e-17,0.104351432900139,0.849274285334419,0.266663890991292,0
"R4038",0.178855607909586,0.15471440956514,0.0637461677488592,-7.41517575933481e-18,0.0478232031240564,0.897492699706317,0.194451769524677,0
"R4051",0.23442197956097,0.0748543881314921,0.0494848289060613,4.93652062280999e-17,0.0303068365061432,0.809885529197699,0.365472447201662,0
"R3468",0.117194937325334,0.127877130004477,0.0678857345780945,-6.51488082471121e-17,0.0556944287872195,0.818235689659405,0.283041315313908,0
"R3502",0.300532896995381,0.145640354192614,0.0581512872901037,-1.1598275056647e-17,0.00511575857017895,0.746635746887082,0.238326788756135,0
"R4360",0.348356585707417,0.080233309092506,0.0658716288981187,4.42582152657399e-17,0.0659243624636207,0.746611522307793,0.305197936307249,0
"R3456",0.265119615946502,0.0650458044886068,0.0553386495413226,-1.12700224580219e-17,0.0534882338722995,0.798276132340765,0.375970211422201,0
"R3467",0.209997749767681,0.106085977905691,0.0540650973255363,-5.90760469115014e-17,0.0170920592625689,0.844961889561519,0.285038337557536,0
"R3944",0.329970345167654,0.245068309330399,0.0412077391374235,-6.52075208742795e-17,0.0112385346212805,0.818708236461048,0.0967060267757152,0
"R3774",0.322850692012927,0.0511541735228817,0.045676485977802,-1.5669423950271e-17,0.0630998999990169,0.820576213248904,0.33868158193556,0
"R4068",0.0388050879380111,0.12214868132086,0.0631738751502735,-1.50054154740534e-17,0.109588593605445,0.900873290842253,0.387290953867489,0
"R3901",0.219587459918602,0.103573324353702,0.043668749494531,-3.73898114653988e-18,0.109930825068196,0.856329109247002,0.24557964803553,0
"R4050",0.336254472358943,0.188019405823472,0.0658325352930392,-4.02636142105599e-18,0.144518582064389,0.783509776467373,0.238613055005629,0
"R3996",0.171934512589731,0.0933910507263824,0.0477585531883661,-1.33152712607824e-17,0.0963479028720935,0.733502032328861,0.462146670479769,0
"R4281",0.320955430316321,0.148864214894912,0.109542996831768,-1.63452297149616e-17,0,0.66770665926603,0.314402595090689,1.01354800113303e-18
"R3557",0.325620227602864,0.00807883329325493,0.0801188839283926,-5.99977790232554e-18,0.0908155235789727,0.776336152991023,0.326503521382992,0
"R3441",0.385059558872767,0.140721219989503,0.0259435299158848,-1.56180459556363e-17,0.0902759976428856,0.662848390306747,0.355671972349838,0
"R3079",0.418051796007823,0.351993235214546,0.0367758404350679,-2.20926271793477e-17,0,0.00363433748496044,0.68687074668525,2.06037170455995e-20
"R4072",0.220549755183867,0.102819540482186,0.0573731013257867,-6.91199609896235e-17,0.122963776926643,0.826690623128868,0.335470175533933,0
"R3404",0.152422941355989,0.0930879811034282,0.84236251243354,0.10270912326688,0.0506735027734209,0.222222249259147,0,0.0534423748684705
"R3421",0.160656012518499,0.125119962635406,0.0249085698449467,-1.26002963662543e-17,0.177384604040197,0.848490626934853,0.288368032808952,0
"R3677",0.169499426108519,0.190761717991264,0.0680547801518715,-1.69103955348851e-17,0.0302981108215176,0.937193447780093,0.195012984475144,0
"R3635",0.233167673784042,0.156251334294287,0.347725153926012,-2.8812191733132e-18,0.0429520393977125,0.701789926012554,0.0852680543838279,0
"R3660",0.15373737952163,0.0723411125211506,0.193272172427255,0,0.111050557651542,0.813223208357905,0.220917214384741,0.0431879769517796
"R5633",0.479078268830597,0.434377611176705,0.0161253738408246,-1.0553327250737e-17,0.0575904241531615,0.26764242718287,0.276595352062807,0
"R3563",0.393909917185586,0.161000341661936,0.36807630896893,1.04626648023592e-18,-9.37427984006756e-20,0.645750046116087,0,0.0911301044589325
"R3448",0.255399657236016,0.0703123886106276,0.0817640353496853,-3.38193083128231e-18,0.0149371632641836,0.823376825277381,0.291133545032782,0
"R3619",0.376096585448104,0.137400401488589,0.0179985411704307,-6.41587640540779e-18,0.092957973450875,0.72042851674776,0.272500228720666,0
"R5744",0.653958722083867,0.289382003224546,0.016608921180412,-8.02524328120293e-18,0.0503085365258419,0.180439929668329,0.400486379886403,0
"R3628",0.458547266462876,0.197355988775443,0.324821753382967,-1.16963302804949e-18,0,0.566317402162227,-8.6606680245494e-19,0.139692282477963
"R2845",0.197115256662186,0.139568216162375,0.0572836521925082,4.43881717679405e-17,0.0789515786644239,0.821575657978752,0.290735197187106,0
"R5596",0.200123501416664,0.102126819885661,0.0360911690734972,-8.18012364146552e-18,0.0740637270156649,0.845915670580651,0.287310953631186,0
"R3549",0.189639670700735,0.0662937912715381,0.0377194055758617,-6.55331027826737e-18,0.11482487718849,0.819981096773018,0.37619242766226,0
"R4424",0.401253905193352,0.116901803742106,0.0419180971291676,4.35554026237729e-17,0.0412310861943897,0.699418642880118,0.337283662394485,0
"R2999",0.10866320653552,0.160274979437502,0.0715330428113485,-1.91819444852774e-18,0.0984553244660667,0.911064840253364,0.208308744351763,0
"R2983",0.112161694611912,0.125358254032408,0.105634886383649,-4.61183812045692e-18,0.0372034841561015,0.890009044222178,0.240781405059275,0
"R4704",0.167046590546176,0.109596420572003,0.0929936996473378,-1.83355636612473e-18,0.127820542291127,0.901204577825928,0.170715969533931,0
"R4185",0.499941128011922,0.260021704470421,0.0468220706699563,-5.5568324729665e-19,0.0481483289134389,0.300477566570037,0.497026025618057,0
"R4196",0.192916898894869,0.195604127246919,0.0735040675342504,5.24156337935489e-17,0.141774040156526,0.897770943243756,0.103212751512468,0
"R2912",0.319992905879969,0.0988407642215657,0.0759375875718066,-1.15902856259249e-17,0.0689404303521021,0.75923632212374,0.313473567609341,0
"R4165",0.253949491208843,0.09029951151876,0.0902195195340069,-7.19710625395653e-18,0.0918509836793777,0.844276956009635,0.23648097213316,0
"R3002",0.366109157666462,0.211972313741275,0.038943724527683,0,0.12769979282535,0.787960597108107,0.125110466460387,0.038408762225407
"R4213",0.414567105217702,0.144596640214363,0.0658496100042534,-7.44080285351074e-18,0.00132994713495598,0.728519702911039,0.266489349039013,0
"R4324",0.262945391279008,0.0578544924480113,0.054464428171002,-8.67970741635411e-18,0.0639129693622438,0.735846554685398,0.436093595606296,0
"R5871",0.30728112113233,0,0.0624356376011162,-2.69980725162495e-18,0.102671542936627,0.689090144632735,0.43704293479981,-1.45274067399012e-19
"R4386",0.100640416501186,0.134290519915947,0.0746700265620225,-6.55067537195688e-17,0.0457472945225191,0.898947292736486,0.2650395608577,0
"R4011",0.173885014176657,0.15245969982391,0.0605276619413814,-1.51779111705405e-17,0.0306809099235646,0.939811370018576,0.143467787791706,0
"R4184",0.241957241155169,0.0586686370135672,0.055255816689865,4.47659435218731e-17,0.0972489728332945,0.813525943156159,0.329081712748417,0
"R5846",0.0779784075904131,0.166930149485546,0.0645445193175079,-7.88998219365703e-18,0.105168234177206,0.932914386823031,0.22259873860061,0
"R3385",0.151129233125471,0.0725109918923974,0.0638393402470074,-9.28062990518465e-18,0.0784794651782319,0.856849001975441,0.327686081500684,0
"R3374",0.143930314465925,0.0651970860097981,0.0631597043819108,-6.51552618009355e-18,0.0895140206242165,0.870007469435688,0.305640741610371,0
"R4112",0.203985886371165,0.106939569067372,0.0459071803019499,-7.83702281990658e-18,0.0675396479054408,0.787413849754563,0.353850748890601,0
"R5779",0.0709721358347402,0.237608018880648,0.655374080734861,0.438351888994648,0.0359006399615528,0.0808903712261437,0,0
"R3494",0.245024894362064,0.0750359795323462,0.046479107316027,-6.62299940205909e-18,0.143441222134382,0.763157576553201,0.398002199377017,0
"R3602",0.0738346688614113,0.0894310905958619,0.0928845608606424,-1.55809364025923e-17,0.0810039270783306,0.820306045752012,0.424680785415606,0
"R3497",0.213850550076126,0.132323923103606,0.0824005848882866,-7.07290068975128e-18,0.0744451833609887,0.780026357151701,0.217546314014822,0
"R4070",0.410285290810297,0.140035652799413,0.0541196812552572,-8.20967106692763e-18,0.056079004686611,0.680735089720286,0.252844140239095,0
"R4053",0.575550987249267,0.335286762365031,0.0929690090526646,4.77077405421471e-17,0.0664595005396793,0.174244659373353,0.444502539081935,0
"R3673",0.305045348866522,0.115045719729842,0.0583211901873877,-1.96724935518447e-17,0.154850208092314,0.790621811529157,0.31360216673884,0
"R3558",0.164630506415252,0.0641357308964438,0.077536868053685,-6.71160264951647e-17,0.134363990547841,0.752665787051795,0.480788958505076,0
"R3879",0.12612537110475,0.179996552377522,0.739114618741839,0.275041408394028,0.00927956626147818,0.0867303578504169,0,0.051522717177439
"R4168",0.257491096513516,0.0611216136579342,0.0558036829680876,-7.06102394721443e-17,0.0545830207280396,0.765286033441169,0.38658395763734,0
"R2855",0.185666818706944,0.176412593797782,0.0266568927550787,-1.47230638081238e-17,0.123411716150473,0.760259902387183,0.267063210083012,0
"R5625",0.213899367042145,0.172682182091983,0.0562836524519477,-1.62144299809816e-17,0.0926509356924618,0.873973105594133,0.196320668436799,0
"R3554",0.305630973526069,0.077621744237056,0.060891950336125,-6.57910073363252e-17,0.0687117398104065,0.801206717128743,0.271522800347558,0
"R3982",0.495148267846453,0.212868251791516,0.0345930687880835,-1.80507679436791e-17,0.164243125549121,0.317752500993572,0.471196391031027,0
"R3574",0.481842742705937,0.192812441022633,0.332263050486152,0,0.0575799096003459,0.485180563592944,0.00388353699634709,0.165429017546261
"R3570",0.0951346695493821,0.0993866995271469,0.224897709042032,0,0.0695082433778848,0.82286542641308,0.213370162224937,0.0363797150821387
"R3482",0.22573132520241,0.077332583488684,0.0599504536111867,-6.35247197255455e-17,0.126523600083378,0.726012153196965,0.447584389586724,0
"R4228",0.450776361351868,0.213077368875893,0.0404652012133386,-9.70712254532294e-18,0.0800663859940903,0.586289519025392,0.311822840849889,0
"R3970",0.17594119905288,0.215450671369675,0.0521962344838053,-6.68694126257642e-18,0.0725514340842049,0.893636935616642,0.159169905875801,0
"R3451",0.133075853283189,0.120404529306574,0.874940031059325,0.113235685151237,0.0120232057330833,0.19602663995005,0,0.0413896747225232
"R3567",0.208056586452291,0.138359454945128,0.0563510858703641,-9.05456098940746e-18,0.0622466561205585,0.899977265494882,0.174662376570332,0
"R3478",0.315879264705406,0.0979982404455057,0.0215997893729056,-1.14347318302697e-17,0.138500572930035,0.710982656278228,0.383478075191186,0
"R4236",0.234743484781542,0.124812321063421,0.0466119423458759,-9.37157440678759e-18,0.0466478747955386,0.773489053616939,0.25947744849112,0
"R3495",0.397747949182707,0.20004645523911,0.025449884079001,4.32123584646395e-17,0.0389712334111854,0.568101727687819,0.442948630045082,0
"R3539",0.150838660114444,0.260584990195477,0.0663871779427013,-2.17616820407742e-17,0.0536923321498411,3.46944695195361e-18,0.81954278904846,-4.79754601004994e-18
"R3674",0.314029059130065,0.0892979862725495,0.0599745386732072,-9.36881330527279e-18,0.0826420634091591,0.78748156370668,0.267372718529596,0
"R4227",0.1919364091703,0.110359619701143,0.0467737137987015,-1.30473112067621e-17,0.0893830649235322,0.781241519421992,0.389197755363851,0
"R5789",0.0669776615202694,0.104272195350073,0.973128333356081,-8.46911186668948e-18,0.013952146575177,0.318324168088977,0,2.45606561366287e-18
"R2907",0.18659446181224,0.0853443592120176,0.0384789827556209,4.31921342539506e-17,0.0882565968562527,0.800789569533807,0.400010421923895,0
"R3594",0.372036263623436,0.122770834913076,0.2874588077497,0,0.0439914110916275,0.565144798529446,0.224428438269985,0.0702607909964644
"R4166",0.291206305559198,0.146498669500937,0.0586318688277829,-1.01601133325855e-17,0.0100733954655262,0.776206777377899,0.187896502601326,0
"R4177",0.308870163974685,0.0654328322284507,0.0641346099362979,-1.11316550121087e-17,0.086116648401072,0.748735913343073,0.360030428542307,0
"R3450",0.135052955297806,0.115159748114552,0.927533408771998,0.0181369292976676,0,0.227522186811193,2.11603021839608e-19,0.056515012952529
"R4203",0.118728504066448,0.126378268372876,0.0190767007897183,-1.27131637241707e-17,0.106654827004323,0.871210304735822,0.349978587884172,0
"R3920",0.30609197300434,0.0996011324124954,0.0282247374897927,-1.53826056075197e-17,0.138463065689153,0.710955816990104,0.438873425804143,0
"R5742",0.526256297375036,0.140208058737624,0.047208652526036,-8.17194223393964e-18,0.0104202592390284,0.621575676625101,0.270499344388552,0
"R4037",0.338859017140031,0.082386921799942,0.0638859235828998,-1.27040141717958e-17,0.0792613857834819,0.705986251630249,0.426488980054471,0
"R3417",0.267670479465812,0.0628125156921116,0.0594647304485468,-9.19066762733119e-18,0.105286158058901,0.782011700802125,0.371905631855707,0
"R3500",0.335339551987518,0.196010822872276,0.0432284979059641,-3.12873870400212e-18,0.151711603278691,0.791259199182599,0.18080560595814,0
"R5865",0.438188475890622,0.343571047731065,0.0558388336843008,-2.4962013181154e-17,0.454593848788763,0.116945955645152,0.416866191900357,0
"R2826",0.166193201089775,0.162562624011808,0.0556947669576418,-4.83934705295979e-18,0.126626732812087,0.898622814192095,0.165507438827436,0
"R3552",0.4497165380775,0.271641722802363,0.0621752698319956,0,0.358059507849682,0.422513877478121,0.214207431834173,0.0564028120597484
"R3897",0.198206177743008,0.127414442420474,0.0357301491612534,-1.16935154361606e-17,0.0982058892662043,0.835496705024603,0.346554362359751,0
"R3489",0.388914195971072,0.153106587059976,0.0131326169499247,4.4331190720514e-17,0.257926575028586,0.662145073272204,0.266576612765484,0
"R3507",0.361352764331427,0.0047872245190204,0.0631043551250423,-3.25939175051575e-18,0.112731178538315,0.774881484773158,0.278691743632807,0
"R3518",0.235277454188945,0.142277819061757,0.0548185765819931,-7.51609267638539e-18,0.0295617614347615,0.804812638674032,0.312475318663921,0
"R5749",0.138041632782724,0.161959693630381,0.0743657243211521,-1.32607558117751e-17,0.10287965366009,0.777796633214698,0.202850449366785,0
"R3469",0.315997205490276,0.0754779999390597,0.062788857789945,-1.40703097849993e-17,0.00882417668237905,0.696893297469531,0.431764344786539,0
"R3402",0.149664486377313,0.129607468956436,0.869130457629837,-1.24575884422034e-18,0.026046819784977,0.290066541058861,0,0.0824505810543011
"R3470",0.243519670137869,0.121568511061652,0.0419170727353661,-7.29257480989892e-18,0.160626490818189,0.773964063921529,0.365589382215194,0
"R3381",0.0159019764647716,0.181331084282921,0.038793775274664,-4.59078467949496e-18,0.269240883003189,0.969055138412183,0.148193571984231,0
"R3593",0.279986364546673,0.0510351083834232,0.0659576465664521,-1.13101826806065e-17,0.131649035900036,0.680877011920113,0.44511849731685,0
"R4251",0.122934122087151,0.0828535570012479,0.126460439773952,-3.14802981570371e-18,0.0907536630338731,0.833246455562421,0.3140944180959,0
"R3545",0.367119083473255,0.182044016738417,0.142134915342818,0,0.0964171388341019,0.775071436090859,0.0842042092645336,0.038048823698454
"R5863",0.226036968605792,0.079751793426673,0.0564455789093572,-2.95572780721736e-18,0.0955852992826575,0.832952736861831,0.300521764392213,0
"R2895",0.264459979596498,0.109253842032965,0.0763151315474783,-1.33183612234408e-17,0.0479118250331916,0.818704734082154,0.272458929496506,0
"R4253",0.113127149976799,0.129463735176614,0.129873823005051,-1.93971042313855e-18,0.0548112026471607,0.913428678255745,0.184915965196267,0
"R5811",0.0839546739549665,0.152429157252069,0.925730999670011,-1.12565986261834e-17,0.0169277904867089,0.376758397086122,0,2.12453016207939e-18
"R2996",0.138369664425692,0.145702240969988,0.0599064706525358,-1.14928875139489e-17,0.0629534527719666,0.766771892598841,0.352350346178569,0
"R4207",0.270119533719567,0.119816202052347,0.0654798703232763,-1.04891414310883e-17,0.106316405594767,0.840360357411787,0.197394734231703,0
"R5807",1.73542987327782e-18,0.154305232596109,1.07423285615316,-2.08467558846362e-17,0.102339506320948,0.175253020972775,0,6.31387804374675e-18
"R4258",0.19449660059561,0.137041645712038,0.0785931344967901,-5.55111512312578e-17,0.0920839651011832,0.814408851224296,0.274036628458687,0.00927649620236615
"R3771",0.205802817583903,0.058327302695647,0.0420024930181792,-1.35370300760671e-17,0.152193428160133,0.734796373311209,0.481359931409877,0
"R5808",0.023273624415491,0.29963639320522,0.964564912128266,-8.5104128728155e-18,0.0679227240394311,0.231729190611293,0,3.76439153019452e-19
"R4348",0.325141421409346,0.0816555183479009,0.0681839789744556,-7.44452184498888e-18,0.0343469244429143,0.792700235125671,0.292041914830385,0
"R4114",0.145588546878436,0.0898060261666406,0.0529500153117934,-1.22744486520996e-17,0.060687377170304,0.761421592342365,0.375640760916438,0
"R5855",0.280445530398486,0.070205755271258,0.0596515656285924,-8.68541714898963e-18,0.050022999995498,0.695612346751732,0.474054993428794,0
"R3663",0.423098970444664,0.15612951806656,0.0983670866737246,-5.55111512312578e-17,0.0413427201528972,0.771534262951422,0.121211295028244,0.0168885706849752
"R4256",0.204584631129068,0.117763547735033,0.086478569418044,-5.84848080636373e-18,0.103583797513252,0.756376924510389,0.366098050794205,0
"R3921",0.10503799393936,0.164719519308801,0.0762417797742565,4.2622209573902e-17,0.0033718302231473,0.939586550538378,0.207224594718363,0
"R4075",0.304286122483225,0.0768842954320625,0.0582129196165152,-1.03315535543781e-17,0.0854216760373971,0.749260586831209,0.345251771280088,0
"R3455",0.321792317201254,0.0747200398915728,0.0459839936010894,-7.67521149797438e-18,0.0905020835568736,0.783330809605363,0.313742781238076,0
"R4181",0.220630382294524,0.128572317907253,0.0914255657430682,4.72022423622589e-17,0.0497866399948003,0.889656668183135,0.177218913831415,0
"R3969",0.344945457365445,0.102399608115119,0.048905500886148,-1.49793321398791e-17,0.0712056719248208,0.576358207354357,0.503454772811262,0
"R4252",0.150319837432814,0.112925933488515,0.0871385820946598,-3.47874800014452e-18,0.100437158929007,0.774787996671418,0.393561039833883,0
"R4254",0.317461963314607,0.0843026857969315,0.0794357395981708,-5.14353060442255e-18,0.100680403736516,0.726943299265771,0.337554933984975,0
"R2874",0.137318169851386,0.154575578835181,0.0591918767957849,-1.7174044731075e-18,0.0658356438599284,0.913735515782622,0.20302028210838,0
"R2980",0.24409784947569,0.153999179512409,0.0519695758483958,-1.07617993288831e-17,0.0244375242637245,0.788474120316585,0.332881538926336,0
"R5810",0.0730958306076644,0.110292378507284,0.982840052429118,-4.3962029444182e-18,0.0302125315682274,0.322342950155055,-7.22266975528908e-19,0
"R4225",0.326641553761385,0.132090628137099,0.0320137371955604,4.49795531518475e-17,0.033326983730468,0.672202191113975,0.434146112076887,0
"R3477",0.306953283985422,0.0865754716116853,0.0943010107942921,-3.3888229192569e-18,0.0786129326501402,0.831342792007835,0.203882422823655,0
"R5861",0.388104683259087,0.118119261024695,0.0322678375322475,-1.85693912638954e-17,0.135197383743823,0.725070042223331,0.282626407343976,0
"R3438",0.143339723443589,0.13577738409511,0.892231962726593,0.0535458920083874,0.0285663265783028,0.212564601813706,0,0.0345588307013783
"R2869",0.40110970607024,0.0525011924378828,0.0370134490713007,-1.64023722216879e-17,0.0555609074966358,0.705780258518843,0.373451798705764,0
"R5868",0.303932796637441,0.123016318613874,0.064073194729087,-1.45091486126899e-17,0,0.780275166053913,0.318594997410825,2.84415924079175e-19
"R3585",0.286006916010668,0.0699169813505003,0.0761106619496582,-6.3934298519718e-17,0.0871030578963943,0.79075010739306,0.311989650722415,0
"R4200",0.245829463223093,0.0878642176972603,0.0673076740242909,-1.28922551724279e-17,0.0821145556171783,0.82360386851721,0.287897102677131,0
"R5795",0.100399606158936,0.133434240204046,0.911026582766275,-6.11625570437219e-18,0.0243671454451183,0.347864548916353,-1.04840955572554e-18,0
"R4255",0.107184036048504,0.144107717593529,0.109506549478348,-3.03267542171094e-18,0.0317999487276656,0.892458062743177,0.22789755247228,0
"R3571",0.220744473225974,0.0888817726881742,0.320142275475602,0,0.0818153452935259,0.71437034128215,0.178263418077875,0.0150845090936234
"R3051",0.417016240406034,0.244002711772362,0.0421355306132083,-8.59686814562698e-18,0.0110100633261474,0.242640053411649,0.626719068349034,0
"R4701",0.271405107665684,0.136317307114535,0.0460226256453713,-6.35479935252808e-18,0.0769713273362529,0.741126925724272,0.402569015289414,0
"R3678",0.30693735331617,0.0921885819063247,0.030375751820765,-1.69891931114361e-17,0.0887513791468389,0.781025961169813,0.372000428818981,0
"R4279",0.225273108949779,0.116541542569971,0.0386604419221831,-1.17439607522337e-17,0.0853589948633627,0.817941465199944,0.319286870159655,0
"R3511",0.206125196557987,0.0935990611085549,0.0736789601604158,-1.7123802428059e-18,0.133114366488985,0.821677161423368,0.304697127166683,0
"R4215",0.302782375884287,0.131765892597077,0.0341128614385622,-1.48072380766138e-17,0.0330834774332596,0.670798970186765,0.368440622271488,0
"R5815",0.0760854245133556,0.29168373219623,0.877625361549264,-3.85630778986557e-18,0.12941496245294,0.306110710285527,-6.06061167626346e-19,0
"R3565",0.207769338447923,0.0529677259121432,0.075812250316824,4.72669714681337e-17,0.114544261200272,0.804909565955427,0.358372719333025,0
"R3604",0.175540600828327,0.115667277179933,0.0897489763051698,4.68251940788965e-17,0.121252484413679,0.89432450336489,0.218057066785431,0
"R3676",0.243635809766483,0.128908573803109,0.05901720954941,-1.35344518434759e-17,0.0340271195176053,0.825502862414198,0.350562054190429,0
"R5629",0.322860166637138,0.228551232257981,0.0884899099758949,-1.30429811020571e-17,0.00128638748005318,0.779231415778945,0.0372070262232112,0
"R3573",0.224100537890364,0.0985193744964217,0.608139029087895,-6.12523584172052e-17,0.194986747869682,0.498168227172772,0,0.0505851226481452
"R5859",0.253365113598472,0.0747232849750171,0.0788957185024918,-1.10676533331767e-17,0.0851457348140951,0.794073070462472,0.345523704984627,0
"R4363",0.294727620651433,0.126090942565024,0.0403358697063942,-9.75505792831569e-18,0.0554003537593609,0.772623876917191,0.328143237787968,0
"R3875",0.146218519516928,0.0646456257205612,0.890161490520861,0.0381683617879617,0.00680728939758221,0.217083927343633,0,0.0827380267720181
"R3009",0.330284360415095,0.11898595127427,0.0334987654381837,-9.37022085093524e-18,0.0658668804695108,0.757498526467078,0.29092557898932,0
"R4021",0.259474281546666,0.143876781355149,0.0518906556031901,-1.37021978387883e-17,0.05727087199752,0.800050959862274,0.297917629679745,0
"R3429",0.537487325627226,0.359142873617552,0.459701654645472,-1.05484820907152e-17,0.058746509877773,0,0.283304205694849,-5.30763845304211e-18
"R3548",0.164544665406596,0.0961873099780868,0.0991291211183463,4.70824292310951e-17,0.0871473017815995,0.863754314321123,0.290425983148295,0
"R3716",0.207958691489522,0.198444778477215,0.294460792828321,-6.84197755627381e-18,0.248401125546174,0.276171069701855,0.55309663889966,0
"R3517",0.363733333412867,0.0998674018643875,0.0261101432544153,4.1696497884826e-17,0.0646201208455877,0.680624238243404,0.432706677794357,0
"R4073",0.27800998137375,0.135726832097002,0.327333462666527,0,0.0408413212407804,0.777115032556789,0.0703258003574561,0.0122637876342686
"R4354",0.273455670673176,0.153835487784269,0.0397635878928509,-9.20170889890447e-18,0.0381712649064453,0.802516874654588,0.288126768570243,0
"R3985",0.150139996176293,0.198727639314384,0.035084205286196,-1.09297345524408e-17,0.0517938431052616,0.803296593517369,0.343931046687476,0
"R3927",0.372615017124535,0.101778145843168,0.0635668556422808,-6.80927352776505e-18,0.0487109854059867,0.723083287361792,0.274185091627937,0
"R4257",0.38448677659919,0.154018336912109,0.0932899646097083,5.50113167838321e-17,0.0562448705868375,0.765163105242123,0.173771435177907,0
"R3657",0.420357917770758,0.178087432077899,0.281903462425803,0,0.0196626178852209,0.60768768209298,0.10748664624842,0.077851852415059
"R3887",0.235341931563781,0.0680871927771563,0.0877896052875673,-1.09678343270723e-17,0.0816003304271042,0.849636171570635,0.286692369912672,0
"R3544",0.501601454972916,0.205425248495481,0.0604799294997614,-2.28684459193727e-18,0.0187435054535212,0.519712231775956,0.352021858756354,0
"R3990",0.0417276396499925,0.136704678101145,0.0803173974674487,-9.59701469267848e-18,0.0701280568759479,0.931416963230898,0.264565499127004,0
"R3877",0.114409699839731,0.183868927551661,0.73274131669596,0.274363839620433,0.00632676808157023,0.0909824332964984,0,0.0324808999036666
"R3395",0.241046621853824,0.0810436797122803,0.0375653674723901,-5.16723811334274e-18,0.0832639716015805,0.801048007353306,0.344246281248804,0
"R3656",0.342980809868157,0.186913972975181,0.0572756743443271,4.12938382460263e-17,0.0807517337582819,0.837475404959596,0.152275798935375,0
"R3522",0.154913425276358,0.122571769280216,0.0382898736732822,-3.52138685437153e-18,0.179712543770547,0.789586074076906,0.4073106742673,0
"R2839",0.290989362649852,0.114878921071378,0.0465512357813536,-9.53649651554744e-18,0.0602298390803246,0.763000206363903,0.326038617192073,0
"R4707",0.155896370446376,0.112018782031801,0.864656838336781,0.0230786067870368,0,0.236738003426497,4.89467491140457e-19,0.0921384524289218
"R3506",0.291142372298361,0.133933295866388,0.0676718166629502,-5.97826491543709e-18,0.0468022367133187,0.890851744609064,0.133277168937489,0
"R3375",0.208816064464665,0.0809459956957813,0.0586375223373234,4.91708462307323e-17,0.0705221151582957,0.833413448624272,0.321213385724396,0
"R3591",0.313386488480175,0.160163232918364,0.365440031685686,-1.16509118009485e-18,0.0348429271205528,0.692544182390863,0,0.0487583233678095
"R3669",0.327335334945053,0.0892727633109261,0.301911159881514,0,0.122255105951686,0.643834288726116,0.126332794216877,0.0526750278235743
"R3403",0.120441282734207,0.139180615746767,0.957463876944964,4.46587337401361e-18,0,0.210800750394739,-1.35409245121461e-18,0.0337480959185951
"R3475",0.117123110919305,0.151013731272306,0.92152720623073,-2.8133969551238e-18,0,0.241210466883198,-2.96940280726034e-18,0.0411553532272567
"R5797",0.344982703691282,0.213397070861171,0.503157784876251,-5.99801777013952e-17,0.173475584932993,0.507109922361579,0.0394912085382358,0
"R3709",0.100777851016012,0.0619869609415432,0.96226961150432,-1.74577767841896e-18,0.0202292027686205,0.242952898245501,0,0.0620708240876076
"R3683",0.150422432587792,0.0680060154114625,0.86550858165531,0.0447806994478523,0.0190589704976114,0.26041921150478,0,0.0840443264176165
"R3446",0.0834406476093973,0.142505546997993,0.0291225078614873,-1.42420569488136e-17,0.107244051873847,0.896524318963792,0.34301956721661,0
"R3537",0.258539427877231,0.156779317830941,0.0286495017602617,-9.13737581087605e-18,0.0304408206806326,0.604554278766683,0.541041726419786,0
"R3466",0.241996412571424,0.0943313666675054,0.083051011285526,-7.99239532758333e-18,0.116405274347481,0.817707193833802,0.298585366430757,0
"R5862",0.270154706215528,0.100346917401441,0.0467027753146086,5.0267039231531e-17,0.0889354453636143,0.770710191265054,0.354153909368851,0
"R3650",0.178565951324119,0.122083458770354,0.229134401110918,0,0.0859898944510978,0.822308457415967,0.0822822256242096,0.0455225896798567
"R3424",0.251974154814827,0.0810621434769977,0.0725724232947,4.46727647831477e-17,0.067600364461859,0.758784844791642,0.383681859352305,0
"R3765",0.345691837572586,0.0737793853051505,0.0277995004448212,4.40319028717384e-17,0.0990811618938015,0.864112812585953,0.284588202582789,0
"R2954",0.210644517769237,0.0609820616247488,0.0559628409814766,-5.91148129937121e-18,0.0849263749780251,0.838688807965347,0.308116363961881,0
"R5741",0.457234400283743,0.177780459437,0.034590728304005,-9.78980957645265e-18,0.0673588178146849,0.779943175453903,0.0818193115861756,0
"R3523",0.262308854932301,0.11849288740557,0.0761763456579113,-6.73126466374803e-18,0.113032991187211,0.81646738524231,0.269677688887171,0
"R3050",0.507512723304375,0.203459316002021,0.0462502992410115,-6.07466773978962e-17,0.0443327872000629,0.554909701994948,0.338076638817097,0
"R3715",0.107991831532375,0.086867614203901,0.953989354101342,-1.30990622828027e-18,0.0151972645723471,0.24966787101955,0,0.0590885031764837
"R3461",0.111484617490846,0.089891603321918,0.931126032086916,0,0.00923247785406902,0.260561966972061,1.35773304248201e-19,0.0663244644683722
"R3931",0.100327433093291,0.0893982374543066,0.0559298993680857,-1.03760322593835e-17,0.0676586606937732,0.824033837899092,0.443585522795544,0
"R3373",0.341274143600725,0.123299683839332,0.0346644460026071,-1.12675480893705e-17,0.0877166992797076,0.726789406464308,0.289556613051567,0
"R3017",0.114055497535415,0.119004063647027,0.0803707135533237,-6.97254561508031e-17,0.0733505085506006,0.925625122341026,0.234717853148115,0
"R5824",0.280779254336224,0.0609609196636078,0.0668683188928388,-4.56361811172943e-18,0.144629081493813,0.725985938402519,0.373828390078683,0
"R5622",0.274743839777563,0.0761316400210286,0.0570922751656967,-1.01814750829733e-17,0.0439940254035027,0.721715037721755,0.43700050553497,0
"R4029",0.297123134673313,0.0615293691047151,0.025178988155082,-6.40979210939797e-17,0.193296456318375,0.390295945271834,0.675822120536482,0
"R3775",0.144760989261684,0.163427427055839,0.799077495754496,0.217199123732027,0,0.103656421808191,1.6621786816895e-19,0.0545673906233424
"R5785",0.100574645413348,0.251809656413517,0.995280171898584,-2.48678673179701e-18,0.0235233127262518,0.164601969932849,0,0.0278063725845616
"R3413",0.141328822435404,0.155368689370449,0.85515827705838,0.0909757660700673,0.0156156375419147,0.184355609600056,0,0.0590174730543477
"R3063",0.116585837022256,0.121472209081241,0.0785338254650643,-9.06489169443015e-18,0.128130191308276,0.772237079272932,0.444075923253917,0
"R3394",0.326123114580482,0.0405556239931571,0.0452391177138267,-4.59881047054418e-18,0.109115649159323,0.725336252534699,0.40629165827704,0
"R3603",0.450042431716574,0.124187615945794,0.100181897140931,0,0.0434186759064763,0.612091781444096,0.349342985725986,0.00362700639306704
"R4105",0.418858041454868,0.117750440841228,0.0388828962360385,4.16854287177725e-17,0.0710936183597022,0.692193306931941,0.343796083180069,0
"R4703",0.224757971088719,0.12591895508268,0.134660070013098,-6.38745420890999e-18,0.10531113709604,0.78858784713859,0.21001596747202,0
"R3485",0.0834857010489725,0.132229903486324,0.901309186892147,-2.60333879604302e-18,0,0.290109865836403,-5.95801134410669e-18,0.0428416706222445
"R3464",0.136887082695954,0.130126263402242,0.824045281919835,0.203777231393323,0.0120135653821804,0.119504441543138,0,0.0347371437131517
"R3878",0.136987160386543,0.114714589315221,0.84252119739809,0.174303270345214,0.000498765048052951,0.136706031703054,0,0.0435240911620125
"R4397",0.277560884419119,0.0700463910931656,0.0518336570862584,4.13886724862713e-17,0.0965227937173013,0.743444776483226,0.415602785080495,0
"R3580",0.312942231281077,0.238621933510934,0.528572995995826,-2.17033161066825e-18,0.0466019381867557,0.551944096538822,0,0.0740752186672504
"R3932",0.421283830245546,0.0460547897157739,0.0456590433273804,-6.13601337419225e-18,0.0220546795431077,0.694889842692073,0.357518060615068,0
"R3377",0.139175296061971,0.162575522650267,0.88778560334781,0.0392012379005826,0,0.17488695004994,7.14836869160611e-19,0.069479964007087
"R4269",0.142804003001456,0.177684395030761,0.927417605975112,0,0.00938679943645967,0.155526183353924,1.72021873591401e-19,0.0690480172487435
"R3415",0.108849037949114,0.128295229641829,0.959250936086573,-5.00128494617787e-19,0,0.216331956630285,9.15184787557076e-19,0.0361378831338199
"R2905",0.144812580449533,0.0820273750305907,0.0802861941063882,-6.10664919334884e-17,0.0856677558810689,0.854222073308053,0.311695184583351,0
"R4041",0.466634316328399,0.212852701099718,0.0398481776329173,-6.77778039582733e-17,0.112914534923683,0.515827244960816,0.350316765129666,0
"R5904",0.353362766378417,0.148434013827547,0.0390935901629687,-1.43857930112423e-17,0.0754610493718252,0.63749514815508,0.384597928793877,0
"R5602",0.209494890485515,0.128314347701674,0.0599887906537834,-1.99261909589605e-18,0.0798190397658514,0.861248372997229,0.222112437953319,0
"R4028",0.299641978029855,0.0968925474375082,0.0684437227329805,-3.37795901883265e-18,0.0633844625136871,0.804162824522209,0.259783046669238,0
"R3498",0.289579231485257,0.0846271613531961,0.0978669037343608,-3.28951199398214e-18,0.0917617702670292,0.837199323107041,0.213764314455537,0
"R3880",0.134343588636141,0.13390201124761,0.929730324936723,0.0382626447135967,0,0.17504302140776,5.23795039990591e-19,0.0657092348537589
"R4006",0.117519163001892,0.163726467512911,0.9279820935726,-1.89634779332571e-18,0.0118052968737324,0.282024220466922,0,0.0307045657038101
"R4226",0.338556565683613,0.0802016979293724,0.0601464509034972,-1.44404750235468e-17,0.0292165769841452,0.673142212649575,0.414992692734984,0
"R3452",0.149657244731255,0.101923799635574,0.906469648471708,0.0906297437733312,0.0311206856468268,0.15928378716159,-7.17169699017044e-19,0
"R3895",0.164641912640638,0.120309315666307,0.056243174482232,-1.04284382089288e-17,0.131513017215847,0.914627316910574,0.207333299537585,0
"R3564",0.191970963829112,0.0785749734703474,0.0846195020239092,0,0.146261844996792,0.85841933260205,0.25736647336257,0.00710196395569855
"R3939",0.294781868516559,0.180048350388229,0.04780603150185,-4.11586571725418e-18,0.068525478893677,0.834848792068886,0.169246405600644,0
"R3639",0.227729674926142,0.0774279295230343,0.0428477228115636,-6.27409543297923e-17,0.0646926377525563,0.83445817586747,0.33996076938235,0
"R4171",0.3248617016559,0.120845541164868,0.0728251612968351,-6.56426267059521e-18,0.0567648544681398,0.840733707848707,0.172821645160764,0
"R3627",0.50995549617924,0.247436224679291,0.289286472417804,0,0.0143825439526177,0.424611751840991,0.066565432127893,0.140544210503576
"R3592",0.22817332589129,0.104198122444959,0.0928330594859466,-7.83826651961192e-18,0.111409060336852,0.842718464836579,0.258176782050608,0
"R3391",0.107848177112934,0.169134695342367,0.831876997200449,0.131796894370864,0.00552687239586012,0.20015802296283,0,0.0733833239828348
"R3425",0.143667252268085,0.107645513733808,0.833291322114497,0.145942117978568,-1.27163059246034e-18,0.192125571642496,0,0.038027080304561
"R3401",0.226588792073502,0.180203020998501,0.749789762053868,-5.77042355442448e-19,0.0149552801199172,0.279039044939758,0,0.120325254961847
"R3462",0.163948469015034,0.137744048588347,0.853465346130775,0.0864900036381113,0.00532040995848242,0.175771244251965,0,0.0485644241277236
