"SNP","Feature","pvalue","FDR","beta","bonf","Symbol","EnsemblID","Class","snpRsNum","Type","NumTxEqtl","WhichTx","NumTxGene","Coordinates","snpDistToFeature","chrpos","snpCountedAllele","snpRefAllele","pgcRank","pgcRow","pgcDiscRank","pgcFinalRank","riskAllele","flipSlopes","riskDir","dxDir","dxPval","dxFdr"
"rs11191419:104612335:T:A","ENSG00000166275",9.23284373642029e-34,1.19094118852713e-30,-0.138153805892565,5.49001692343151e-27,"C10orf32","ENSG00000166275","InEns","rs11191419","Gene",3,c("ENST00000339834", "ENST00000369883", "ENST00000478833"),3,"chr10:104613980-104624718(+)",-1645,"chr10:104612335","A","T",2,2,2,3,"T",-1,"UP","UP",0.0299323029669816,0.28857994091508
"rs11191419:104612335:T:A","e639510",7.78822869180604e-29,1.35611957740154e-25,-0.135319932377803,5.09417843939675e-21,"C10orf32","ENSG00000166275","InEns","rs11191419","Exon",1,ENST00000339834,3,"chr10:104622630-104624718(+)",-10295,"chr10:104612335","A","T",2,2,2,3,"T",-1,"UP","UP",0.035159634073192,0.459495331732635
"rs11191419:104612335:T:A","e639534",2.51978187535339e-19,2.10721743283852e-16,-0.129394003613965,1.6481563407239e-11,"C10orf32-ASMT","ENSG00000270316","InEns","rs11191419","Exon",2,c("ENST00000299353", "ENST00000369880"),1,"chr10:104660350-104661656(+)",-48015,"chr10:104612335","A","T",2,2,2,3,"T",-1,"UP","UP",0.00090747574970289,0.163517708855301
"rs950169","er284724",1.98305396112352e-18,1.47370891067724e-15,-0.638612532713613,7.73750810487801e-11,"EFTUD1P1",NA,"Novel","rs950169","ER",0,character(0),0,"chr15:84816533-84816754(*)",-110072,"chr15:84706461","T","C",38,31,38,31,"C",-1,"UP","UP",0.0268802590707599,0.437354974097134
"rs11191419:104612335:T:A","er209119",1.84233991879295e-17,1.24302072813546e-14,-0.216347730050101,7.18846805637316e-10,"C10orf32-ASMT","ENSG00000214435","InEns","rs11191419","ER",0,character(0),1,"chr10:104661198-104661596(*)",-48863,"chr10:104612335","A","T",2,2,2,3,"T",-1,"UP","UP",0.00956871169639499,0.336975239514926
"rs11191419:104612335:T:A","e639527",2.93958239422357e-16,1.82483661705965e-13,-0.171210431157311,1.9227423649281e-08,"C10orf32-ASMT","ENSG00000270316","InEns","rs11191419","Exon",2,c("ENST00000299353", "ENST00000369880"),1,"chr10:104632205-104632355(+)",-19870,"chr10:104612335","A","T",2,2,2,3,"T",-1,"UP","UP",0.0272729445480161,0.429598361304114
"rs11191419:104612335:T:A","er209114",8.93141317131075e-14,3.97726574072595e-11,-0.193983433966547,3.48487147378873e-06,"C10orf32-ASMT","ENSG00000214435","InEns","rs11191419","ER",0,character(0),1,"chr10:104660350-104660575(*)",-48015,"chr10:104612335","A","T",2,2,2,3,"T",-1,"UP","UP",0.009904693540821,0.339954762068848
"rs111896713:140143664:C:CATTGAAAGAAA","ENSG00000204970",5.76453690811015e-11,1.2254581502537e-08,0.0382696642658427,0.000342769856013402,"PCDHA1","ENSG00000204970","InEns","rs111896713","Gene",3,c("ENST00000378133", "ENST00000394633", "ENST00000504120"),3,"chr5:140165876-140391929(+)",-22212,"chr5:140143664","C","CATTGAAAGAAA",200,155,200,128,"I12",-1,"DOWN","DOWN",0.0372910854864803,0.318525173632304
"rs12691307:29939877:A:G","e925592",2.62700312788647e-10,7.62995200084903e-08,-0.149489913612418,0.017182883584796,"INO80E","ENSG00000169592","InEns","rs12691307","Exon",2,c("ENST00000567987", "ENST00000540562"),13,"chr16:30014757-30014847(+)",-74880,"chr16:29939877","G","A",41,34,41,40,"A",-1,"UP","UP",0.0349300324655539,0.458880771857161
"rs950169","er284749",1.80639004460176e-09,4.44072153951754e-07,-0.287467326935371,0.0704819832676579,"CSPG4P11","ENSG00000259726","InEns","rs950169","ER",0,character(0),1,"chr15:84862514-84863000(*)",-156053,"chr15:84706461","T","C",38,31,38,31,"C",-1,"UP","UP",0.0312158132717922,0.454851220924439
"rs8044995","er300214",5.36534252050968e-09,1.22025715324351e-06,0.272976074617478,0.209345696343885,"PRMT7","ENSG00000132600","Novel","rs8044995","ER",0,character(0),28,"chr16:68390044-68390070(*)",-200704,"chr16:68189340","A","G",101,83,101,94,"A",1,"UP","UP",0.00720011563150538,0.313907064000926
"rs140505938:150031490:C:T","er24101",1.67621360813461e-08,3.49860106560608e-06,-0.19453339140015,0.654027405845287,"",NA,"Novel","rs140505938","ER",0,character(0),0,"chr1:150017624-150018431(*)",13059,"chr1:150031490","T","C",48,39,48,52,"C",-1,"UP","UP",0.0213516934105078,0.412421195586217
"rs950169","er284790",2.21142452901273e-08,4.5170590427967e-06,-0.348785233648376,0.862856762953018,"GOLGA2P7","ENSG00000225151","Novel","rs950169","ER",0,character(0),12,"chr15:84881226-84881280(*)",-174765,"chr15:84706461","T","C",38,31,38,31,"C",-1,"UP","UP",0.0365269382815264,0.472776653427114
"rs950169","e891233",3.31274787464866e-08,6.68119040533785e-06,-0.0845368139085149,1,"GOLGA6L4","ENSG00000184206","InEns","rs950169","Exon",1,ENST00000510439,6,"chr15:84911212-84914120(+)",-204751,"chr15:84706461","T","C",38,31,38,31,"C",-1,"UP","UP",0.00557193577815323,0.280851507189665
"rs4523957","e958503",1.11092892381155e-07,2.0181050968628e-05,-0.0981257906471767,1,"SRR","ENSG00000167720","InEns","rs4523957","Exon",2,c("ENST00000344595", "ENST00000574987"),8,"chr17:2224836-2224910(+)",-15937,"chr17:2208899","T","G",51,42,51,47,"T",1,"DOWN","DOWN",0.0425302110894103,0.482198526026134
"rs10650434:2025096:A:ACT","e429321",2.64456721737629e-07,4.43728183822313e-05,0.10362717345194,1,"FTSJ2","ENSG00000122687","InEns","rs10650434","Exon",1,ENST00000486040,5,"chr7:2277650-2278572(-)",-252554,"chr7:2025096","A","ACT",7,5,7,7,"I3",-1,"DOWN","DOWN",0.023854539505595,0.414107707003213
"rs56873913:50091199:T:G","e1137835",3.4062880191014e-07,5.58080682458731e-05,-0.207429195615207,1,"IRF3","ENSG00000126456","InEns","rs56873913","Exon",1,ENST00000602190,31,"chr19:50164852-50164882(-)",-73653,"chr19:50091199","G","T",171,133,171,125,"T",-1,"UP","UP",0.0287556831144382,0.43704372180329
"rs7432375","er83327",8.88837938926624e-07,0.00013121550102846,0.0893813966081703,1,"PCCB","ENSG00000114054","InEns","rs7432375","ER",0,character(0),19,"chr3:135975397-135975465(*)",312940,"chr3:136288405","A","G",34,28,34,42,"G",-1,"DOWN","DOWN",0.030458577878618,0.452385720486812
"rs10650434:2025096:A:ACT","chr7:2275200-2277649(*)",1.33643783204768e-06,0.00034712833820406,0.188498656338606,1,"FTSJ2","ENSG00000122687","InEns","rs10650434","Junction",1,ENST00000486040,5,"chr7:2275200-2277649(*)",-250104,"chr7:2025096","A","ACT",7,5,7,7,"I3",-1,"DOWN","DOWN",0.00304968978905373,0.390838959613309
"rs2535627","e230522",1.77297858609358e-06,0.000245571667524422,-0.0697166476359365,1,"","ENSG00000243696","InEns","rs2535627","Exon",1,ENST00000468472,2,"chr3:52852068-52854006(-)",-6963,"chr3:52845105","T","C",32,26,32,39,"T",1,"DOWN","DOWN",0.040878209825437,0.476991843946421
"rs7432375","e252972",4.20296083371297e-06,0.000528634164750838,0.0789919354726555,1,"PCCB","ENSG00000114054","InEns","rs7432375","Exon",15,c("ENST00000251654", "ENST00000466072", "ENST00000468777", "ENST00000483687", "ENST00000484181", "ENST00000490504", "ENST00000471595", "ENST00000469217", "ENST00000465423", "ENST00000478469", "ENST00000462542", "ENST00000494742", "ENST00000459873", "ENST00000475214", "ENST00000465176"),19,"chr3:135975397-135975465(+)",312940,"chr3:136288405","A","G",34,28,34,42,"G",-1,"DOWN","DOWN",0.00633542546160022,0.291058569539364
"12:123665113:G:C","er250703",4.81573692290327e-06,0.000595211285925793,-0.214601560434801,1,"C12orf65","ENSG00000235423","AltStartEnd","rs2851447","ER",0,character(0),4,"chr12:123739389-123739450(*)",-74276,"chr12:123665113","C","G",6,4,6,9,"G",-1,"UP","UP",0.048303352705186,0.510698645706685
"rs2535627","er75894",6.27967488082384e-06,0.000752763650307725,-0.106348873648283,1,"ITIH4","ENSG00000243696","AltStartEnd","rs2535627","ER",0,character(0),2,"chr3:52852031-52853299(*)",-6926,"chr3:52845105","T","C",32,26,32,39,"T",1,"DOWN","DOWN",0.0161178994769211,0.385312003225898
"rs7432375","e253173",7.88151926991407e-06,0.000920462550794122,0.0695315562058555,1,"PCCB","ENSG00000114054","InEns","rs7432375","Exon",1,ENST00000473073,19,"chr3:135978992-135979377(+)",309028,"chr3:136288405","A","G",34,28,34,42,"G",-1,"DOWN","DOWN",0.00926110982459511,0.32151489589533
"rs7432375","e252973",8.54248636955287e-06,0.000987869646163471,0.0796195234878367,1,"PCCB","ENSG00000114054","InEns","rs7432375","Exon",14,c("ENST00000251654", "ENST00000462637", "ENST00000466072", "ENST00000468777", "ENST00000484181", "ENST00000471595", "ENST00000469217", "ENST00000465423", "ENST00000478469", "ENST00000462542", "ENST00000494742", "ENST00000459873", "ENST00000475214", "ENST00000465176"),19,"chr3:135979321-135979377(+)",309028,"chr3:136288405","A","G",34,28,34,42,"G",-1,"DOWN","DOWN",0.0106769910409374,0.332042879534771
"rs2905426:19478022:G:T","chr19:19643550-19643912(*)",9.36110114757109e-06,0.0019333847155229,0.184488623757412,1,"NDUFA13","ENSG00000186010","InEns","rs2905426","Junction",3,c("ENST00000512771", "ENST00000586674", "ENST00000458210"),9,"chr19:19643550-19643912(*)",-165528,"chr19:19478022","T","G",69,57,69,51,"G",-1,"DOWN","DOWN",0.0403688535599018,0.618481230415861
"rs7432375","e253121",1.47339437612505e-05,0.00159047321876529,0.0702305943560805,1,"PCCB","ENSG00000114054","InEns","rs7432375","Exon",1,ENST00000465423,19,"chr3:135980794-135980852(+)",307553,"chr3:136288405","A","G",34,28,34,42,"G",-1,"DOWN","DOWN",0.0466050563745429,0.494565833818828
"rs10650434:2025096:A:ACT","ENSG00000122687",1.47544846520815e-05,0.0011369457012549,0.0388374795966752,1,"FTSJ2","ENSG00000122687","InEns","rs10650434","Gene",5,c("ENST00000467199", "ENST00000242257", "ENST00000486040", "ENST00000440306", "ENST00000407040"),5,"chr7:2273866-2281840(-)",-248770,"chr7:2025096","A","ACT",7,5,7,7,"I3",-1,"DOWN","DOWN",0.000608971905024792,0.0603712518982167
"rs12691307:29939877:A:G","e926226",1.48391530827403e-05,0.00160037210109997,-0.0515705769841658,1,"MAPK3","ENSG00000102882","InEns","rs12691307","Exon",1,ENST00000478356,16,"chr16:30129420-30129484(-)",-189543,"chr16:29939877","G","A",41,34,41,40,"A",-1,"UP","UP",0.0401771981942346,0.474923605770575
"rs7432375","e253149",1.54295341739541e-05,0.00165564197593598,0.0666409820049489,1,"PCCB","ENSG00000114054","InEns","rs7432375","Exon",1,ENST00000494742,19,"chr3:135980794-135980867(+)",307538,"chr3:136288405","A","G",34,28,34,42,"G",-1,"DOWN","DOWN",0.0331616569432711,0.452443500974959
"rs2535627","chr3:52848380-52850899(*)",1.67690363218643e-05,0.00320586220346774,-0.167787719020774,1,"ITIH4","ENSG00000055955","InEns","rs2535627","Junction",8,c("ENST00000266041", "ENST00000346281", "ENST00000485816", "ENST00000406595", "ENST00000468472", "ENST00000441637", "ENST00000491663", "ENST00000461966"),17,"chr3:52848380-52850899(*)",-3275,"chr3:52845105","T","C",32,26,32,39,"T",1,"DOWN","DOWN",0.0413051597117062,0.61994004784035
"rs950169","er284795",1.78027881543583e-05,0.00188112620261697,-0.292642031975115,1,"GOLGA2P7","ENSG00000225151","Novel","rs950169","ER",0,character(0),12,"chr15:84882466-84882723(*)",-176005,"chr15:84706461","T","C",38,31,38,31,"C",-1,"UP","UP",0.0454076378868966,0.502599490137843
"rs12691307:29939877:A:G","e926241",2.16713260287863e-05,0.00222291153569502,-0.0504217798566597,1,"MAPK3","ENSG00000102882","InEns","rs12691307","Exon",1,ENST00000483869,16,"chr16:30129219-30129484(-)",-189342,"chr16:29939877","G","A",41,34,41,40,"A",-1,"UP","UP",0.0499290725044315,0.503300600481716
"rs10650434:2025096:A:ACT","er144029",2.83501579572333e-05,0.00281937665114757,0.125023431826138,1,"FTSJ2","ENSG00000122687","InEns","rs10650434","ER",0,character(0),5,"chr7:2277650-2278572(*)",-252554,"chr7:2025096","A","ACT",7,5,7,7,"I3",-1,"DOWN","DOWN",0.0297997972278049,0.449166387541258
"rs7432375","e252974",3.68334128435784e-05,0.00350891227319206,0.0607814504601899,1,"PCCB","ENSG00000114054","InEns","rs7432375","Exon",14,c("ENST00000251654", "ENST00000462637", "ENST00000466072", "ENST00000468777", "ENST00000483687", "ENST00000484181", "ENST00000471595", "ENST00000469217", "ENST00000478469", "ENST00000462542", "ENST00000459873", "ENST00000475214", "ENST00000465176", "ENST00000473073"),19,"chr3:135980794-135980907(+)",307498,"chr3:136288405","A","G",34,28,34,42,"G",-1,"DOWN","DOWN",0.0260281217704377,0.424934653274007
"rs6002655:42603814:C:T","er374881",5.63883991502643e-05,0.00509515326941636,-0.207709766491215,1,"","ENSG00000232710","AltStartEnd","rs6002655","ER",0,character(0),1,"chr22:42535839-42536049(*)",67765,"chr22:42603814","C","T",54,44,54,61,"T",-1,"UP","UP",0.0256147383509683,0.431450155073991
"rs7432375","e253073",6.96684881276336e-05,0.00603828506673139,0.0577689650096491,1,"PCCB","ENSG00000114054","InEns","rs7432375","Exon",1,ENST00000482086,19,"chr3:135980806-135980907(+)",307498,"chr3:136288405","A","G",34,28,34,42,"G",-1,"DOWN","DOWN",0.0423030976261217,0.48158896628554
"rs7432375","er83328",8.08581385997642e-05,0.00692833029457046,0.0782410157280638,1,"PCCB","ENSG00000114054","InEns","rs7432375","ER",0,character(0),19,"chr3:135979321-135979377(*)",309028,"chr3:136288405","A","G",34,28,34,42,"G",-1,"DOWN","DOWN",0.0106077409646324,0.345665426217212
"rs55661361:124613957:G:A","er231330",8.60239741143e-05,0.00730116663506298,0.122692525312659,1,"VSIG2","ENSG00000019102","AltStartEnd","rs55661361","ER",0,character(0),2,"chr11:124618066-124619732(*)",-4109,"chr11:124613957","A","G",22,19,22,24,"G",-1,"DOWN","DOWN",0.00253118886957192,0.23184496722505
