"SNP","Feature","pvalue","FDR","beta","bonf","Symbol","EnsemblID","Class","snpRsNum","Type","NumTxEqtl","WhichTx","NumTxGene","Coordinates","snpDistToFeature","snpLoc","snpCountedAllele","snpRefAllele","pgcFinalRank","riskAllele","riskDir","dxDir","dxPval"
"rs11191419:104612335:T:A","e639536",6.72527083235995e-40,2.22149546395516e-36,-0.348177306710286,4.39891161765145e-32,"AS3MT","ENSG00000214435","InEns","rs11191419","E",1,"ENST00000369880",1,"chr10:104629273-104629350(+)",-16938,"chr10:104612335","A","T",3,"T","UP","UP",0.652388765482856
"rs11191419:104612335:T:A","ENSG00000166275",9.23284373642029e-34,1.19094118852713e-30,-0.138153805892565,5.49001692343151e-27,"C10orf32","ENSG00000166275","InEns","rs11191419","G",3,"ENST00000339834;ENST00000369883;ENST00000478833",3,"chr10:104613980-104624718(+)",-1645,"chr10:104612335","A","T",3,"T","UP","UP",0.0299323029669816
"rs11191419:104612335:T:A","e639516",3.09946123014102e-31,6.3047477371797e-28,-0.170446534082553,2.02731701868774e-23,"C10orf32","ENSG00000166275","InEns","rs11191419","E",1,"ENST00000369883",3,"chr10:104623487-104623970(+)",-11152,"chr10:104612335","A","T",3,"T","UP","UP",0.0593602829516807
"rs11191419:104612335:T:A","er209084",6.6170948800106e-30,1.25222030925414e-26,-0.154930620348528,2.58186747655727e-22,"C10orf32","ENSG00000270316","InEns","rs11191419","R",0,"",1,"chr10:104622630-104624555(*)",-10295,"chr10:104612335","A","T",3,"T","UP","UP",0.0512746202000554
"rs11191419:104612335:T:A","e639510",7.78822869180604e-29,1.35611957740154e-25,-0.135319932377803,5.09417843939675e-21,"C10orf32","ENSG00000166275","InEns","rs11191419","E",1,"ENST00000339834",3,"chr10:104622630-104624718(+)",-10295,"chr10:104612335","A","T",3,"T","UP","UP",0.035159634073192
"rs11191419:104612335:T:A","chr10:104629351-104629561(*)",9.57067902537896e-25,2.34730445747838e-21,-0.358456569990691,4.34489896949093e-17,"AS3MT-C10orf32-ASMT","ENSG00000214435-ENSG00000270316","InEns","rs11191419","J",1,"ENST00000369880",0,"chr10:104629351-104629561(*)",-17016,"chr10:104612335","A","T",3,"T","UP","UP",0.535355953210288
"rs10650434:2025096:A:ACT","e429321",2.64456721737629e-07,4.43728183822313e-05,0.10362717345194,1,"FTSJ2","ENSG00000122687","InEns","rs10650434","E",1,"ENST00000486040",5,"chr7:2277650-2278572(-)",-252554,"chr7:2025096","A","ACT",7,"I3","DOWN","DOWN",0.023854539505595
"rs10650434:2025096:A:ACT","chr7:2275200-2277649(*)",1.33643783204768e-06,0.00034712833820406,0.188498656338606,1,"FTSJ2","ENSG00000122687","InEns","rs10650434","J",1,"ENST00000486040",5,"chr7:2275200-2277649(*)",-250104,"chr7:2025096","A","ACT",7,"I3","DOWN","DOWN",0.00304968978905373
"rs10650434:2025096:A:ACT","e429325",1.24357260655745e-05,0.00137233427929757,0.135097430862047,1,"FTSJ2","ENSG00000122687","InEns","rs10650434","E",1,"ENST00000440306",5,"chr7:2278469-2278572(-)",-253373,"chr7:2025096","A","ACT",7,"I3","DOWN","DOWN",0.270618090964761
"rs10650434:2025096:A:ACT","ENSG00000122687",1.47544846520815e-05,0.0011369457012549,0.0388374795966752,1,"FTSJ2","ENSG00000122687","InEns","rs10650434","G",5,"ENST00000467199;ENST00000242257;ENST00000486040;ENST00000440306;ENST00000407040",5,"chr7:2273866-2281840(-)",-248770,"chr7:2025096","A","ACT",7,"I3","DOWN","DOWN",0.000608971905024792
"rs10650434:2025096:A:ACT","er144029",2.83501579572333e-05,0.00281937665114757,0.125023431826138,1,"FTSJ2","ENSG00000122687","InEns","rs10650434","R",0,"",5,"chr7:2277650-2278572(*)",-252554,"chr7:2025096","A","ACT",7,"I3","DOWN","DOWN",0.0297997972278049
"rs4391122:60598543:A:G","e333921",3.10735392970232e-10,8.9248919733833e-08,0.0666566041665572,0.0203247953015535,"GNL3LP1","ENSG00000215032","InEns","rs4391122","E",1,"ENST00000399458",1,"chr5:60187762-60189404(-)",409139,"chr5:60598543","A","G",8,"G","DOWN","DOWN",0.816738630594576
"rs4391122:60598543:A:G","e333876",6.22207069626421e-10,1.70294282328975e-07,0.0657639302381111,0.04069774995521,"ERCC8","ENSG00000049167","InEns","rs4391122","E",1,"ENST00000462279",10,"chr5:60187864-60189470(-)",409073,"chr5:60598543","A","G",8,"G","DOWN","DOWN",0.842100179403801
"rs4391122:60598543:A:G","er109858",6.97762202578375e-06,0.000826029779203885,0.177374836239873,1,"ERCC8","ENSG00000215032","InEns","rs4391122","R",0,"",1,"chr5:60188067-60188504(*)",410039,"chr5:60598543","A","G",8,"G","DOWN","DOWN",0.935594106352775
"12:123665113:G:C","chr12:123465814-123466117(*)",4.12262499824383e-36,2.18969438426755e-32,0.72051111423028,1.87159020368023e-28,"ARL6IP4","ENSG00000182196","InEns","rs2851447","J",2,"ENST00000542099;ENST00000454885",20,"chr12:123465814-123466117(*)",198996,"chr12:123665113","C","G",9,"G","DOWN","DOWN",0.0604372824489189
"rs12887734:104046834:G:T","chr14:104038158-104053610(*)",4.0456195775774e-32,1.67825240102114e-28,-0.591538490503569,1.83663126586489e-24,NA,"ENSG00000256500","InEns","rs12887734","J",3,"ENST00000458117;ENST00000473127;ENST00000476323",1,"chr14:104038158-104053610(*)",6776,"chr14:104046834","T","G",14,"T","DOWN","DOWN",0.860614289088336
"rs13240464:110898915:T:C","chr7:111057399-111127293(*)",6.04035047865042e-10,3.0535813167218e-07,-0.551126279599861,0.0274219963917482,"IMMP2L","ENSG00000184903","AltStartEnd","rs13240464","J",0,"",11,"chr7:111057399-111127293(*)",-158484,"chr7:110898915","C","T",16,"T","UP","UP",0.761225909480655
"rs13240464:110898915:T:C","TCONS_00625834",2.77699847246288e-09,2.48735711157902e-06,-0.057744447901169,0.0800668142918329,"IMMP2L","ENSG00000184903","ExonSkip","rs13240464","T",1,"ENST00000331762",11,"chr7:111056127-111202451(-)",-157212,"chr7:110898915","C","T",16,"T","UP","UP",0.937147120965995
"rs13240464:110898915:T:C","TCONS_00625837",4.99420476103119e-08,3.53653956466646e-05,-0.0612239089297155,1,"IMMP2L","ENSG00000184903","ExonSkip","rs13240464","T",1,"ENST00000331762",11,"chr7:111056127-111202602(-)",-157212,"chr7:110898915","C","T",16,"T","UP","UP",0.882520434306385
"rs10791097:130718630:T:G","chr11:130748450-130749518(*)",9.76948997361002e-07,0.000262200155978128,0.0799570120619946,1,"SNX19","ENSG00000120451","InEns","rs10791097","J",11,"ENST00000265909;ENST00000527116;ENST00000526579;ENST00000534726;ENST00000545537;ENST00000426933;ENST00000533318;ENST00000530330;ENST00000528555;ENST00000530356;ENST00000539184",15,"chr11:130748450-130749518(*)",-29820,"chr11:130718630","T","G",17,"T","UP","UP",0.899762064146878
"rs6704768:233592501:G:A","TCONS_00385448",6.33172754097689e-06,0.00261141349692826,0.19138774982696,1,"C2orf82","ENSG00000182600","InEns","rs6704768","T",1,"ENST00000467665",8,"chr2:233740509-233743414(+)",-148008,"chr2:233592501","G","A",23,"G","UP","UP",0.860809170474407
"rs55661361:124613957:G:A","er231304",3.49958691617938e-05,0.00338243347269706,0.303615926804075,1,"NRGN","ENSG00000154146","Novel","rs55661361","R",0,"",2,"chr11:124610281-124610354(*)",3603,"chr11:124613957","A","G",24,"G","DOWN","DOWN",0.499333565563848
"rs55661361:124613957:G:A","er231374",6.22628948872914e-05,0.00554568746392847,0.126863963451508,1,"","ENSG00000254941","AltStartEnd","rs55661361","R",0,"",1,"chr11:124676794-124679442(*)",-62837,"chr11:124613957","A","G",24,"G","DOWN","DOWN",0.0806895298431561
"rs55661361:124613957:G:A","er231330",8.60239741143e-05,0.00730116663506298,0.122692525312659,1,"VSIG2","ENSG00000019102","AltStartEnd","rs55661361","R",0,"",2,"chr11:124618066-124619732(*)",-4109,"chr11:124613957","A","G",24,"G","DOWN","DOWN",0.00253118886957192
"rs950169","er284726",4.08928344664444e-37,1.2163659957344e-33,-0.866977537888511,1.59556242199422e-29,"",NA,"Novel","rs950169","R",0,"",0,"chr15:84833623-84833923(*)",-127162,"chr15:84706461","T","C",31,"C","UP","UP",0.214777204572004
"rs950169","e891184",5.11526699544449e-30,9.6151732505461e-27,-0.277855010961755,3.34582918287527e-22,"GOLGA2P7","ENSG00000225151","InEns","rs950169","E",1,"ENST00000316967",12,"chr15:84868064-84869628(-)",-161603,"chr15:84706461","T","C",31,"C","UP","UP",0.512777411894639
"rs950169","er284792",5.94383344661769e-27,8.98896822213849e-24,-0.488868295796673,2.31917337444478e-19,"GOLGA2P7","ENSG00000225151","Novel","rs950169","R",0,"",12,"chr15:84881392-84882389(*)",-174931,"chr15:84706461","T","C",31,"C","UP","UP",0.0658554059809181
"rs950169","e891177",7.24516480316936e-27,1.10766732649919e-23,-0.236583972250578,4.7389674585458e-19,"GOLGA2P7","ENSG00000225151","InEns","rs950169","E",1,"ENST00000400817",12,"chr15:84868063-84869960(-)",-161602,"chr15:84706461","T","C",31,"C","UP","UP",0.469206904171258
"rs950169","e891189",2.19499627048536e-25,3.02136217955044e-22,-0.367447540627966,1.43571832802329e-17,"GOLGA2P7","ENSG00000225151","InEns","rs950169","E",2,"ENST00000558526;ENST00000456029",12,"chr15:84871622-84871759(-)",-165161,"chr15:84706461","T","C",31,"C","UP","UP",0.604201203826394
"rs950169","e891164",3.31950694604653e-25,4.50752185293703e-22,-0.361221155006837,2.17124604106311e-17,"GOLGA2P7","ENSG00000225151","InEns","rs950169","E",4,"ENST00000436127;ENST00000400817;ENST00000316967;ENST00000559990",12,"chr15:84871622-84871772(-)",-165161,"chr15:84706461","T","C",31,"C","UP","UP",0.671975089800643
"rs950169","er284899",8.12812747487166e-24,9.73121107366738e-21,-0.511831854844082,3.17144432008644e-16,"GOLGA6L5P","ENSG00000230373","InEns","rs950169","R",0,"",3,"chr15:85053008-85053287(*)",-346547,"chr15:84706461","T","C",31,"C","UP","UP",0.693653840875653
"rs950169","er284766",8.4002345313707e-23,9.30436843003332e-20,-0.798740824720874,3.27761543778326e-15,"GOLGA2P7","ENSG00000225151","Novel","rs950169","R",0,"",12,"chr15:84878572-84878705(*)",-172111,"chr15:84706461","T","C",31,"C","UP","UP",0.0653295156293312
"rs950169","e891211",1.69356241602227e-21,1.73007690270488e-18,-0.29471578941938,1.10773700758814e-13,"GOLGA2P7","ENSG00000225151","InEns","rs950169","E",1,"ENST00000561015",12,"chr15:84871554-84871772(-)",-165093,"chr15:84706461","T","C",31,"C","UP","UP",0.685520662112373
"rs950169","e891170",3.5371966953245e-20,3.20071063252178e-17,-0.167029403530058,2.31363405650701e-12,"GOLGA2P7","ENSG00000225151","InEns","rs950169","E",1,"ENST00000559668",12,"chr15:84868063-84871772(-)",-161602,"chr15:84706461","T","C",31,"C","UP","UP",0.363241414937082
"rs950169","e891165",5.09160826537498e-20,4.54092518953852e-17,-0.183217345321626,3.33035431722958e-12,"GOLGA2P7","ENSG00000225151","InEns","rs950169","E",1,"ENST00000436127",12,"chr15:84867600-84869960(-)",-161139,"chr15:84706461","T","C",31,"C","UP","UP",0.427943415310052
"rs950169","er284784",1.7047358577778e-19,1.40497969465979e-16,-0.587938558374678,6.6515625771266e-12,"GOLGA2P7","ENSG00000225151","Novel","rs950169","R",0,"",12,"chr15:84880653-84881153(*)",-174192,"chr15:84706461","T","C",31,"C","UP","UP",0.10162352112181
"rs6434928:198304577:G:A","er60573",3.34384455049509e-14,1.56500297238269e-11,0.405748204086795,1.30470601497144e-06,"HSPD1","ENSG00000270757","Novel","rs6434928","R",0,"",1,"chr2:198375211-198375272(*)",-70634,"chr2:198304577","G","A",33,"G","UP","UP",0.821623955126617
"rs9607782:41587556:T:A","e1175189",3.62522779278718e-08,7.25524527876323e-06,0.261277469133879,1,"XPNPEP3","ENSG00000196236","InEns","rs9607782","E",1,"ENST00000482652",8,"chr22:41256682-41256797(+)",330759,"chr22:41587556","A","T",34,"A","UP","UP",0.886672571811026
"rs9607782:41587556:T:A","chr22:41256798-41257621(*)",4.02769273303821e-08,1.46577237440897e-05,0.552062876655002,1,"XPNPEP3","ENSG00000196236","InEns","rs9607782","J",1,"ENST00000482652",8,"chr22:41256798-41257621(*)",329935,"chr22:41587556","A","T",34,"A","UP","UP",0.754884179781382
"rs9607782:41587556:T:A","er374196",1.53661799786189e-05,0.00165375427693353,0.335247813708149,1,"XPNPEP3","ENSG00000196236","Novel","rs9607782","R",0,"",8,"chr22:41262128-41262725(*)",324831,"chr22:41587556","A","T",34,"A","UP","UP",0.403424407956251
"rs9607782:41587556:T:A","er374185",4.74523637046867e-05,0.00439430592657624,0.298990954066101,1,"XPNPEP3","ENSG00000196236","Novel","rs9607782","R",0,"",8,"chr22:41259175-41259263(*)",328293,"chr22:41587556","A","T",34,"A","UP","UP",0.906349293241504
"rs9607782:41587556:T:A","er374189",5.42840684674958e-05,0.00493176149500398,0.323656991048537,1,"XPNPEP3","ENSG00000196236","Novel","rs9607782","R",0,"",8,"chr22:41260511-41260610(*)",326946,"chr22:41587556","A","T",34,"A","UP","UP",0.246014467755886
"rs9607782:41587556:T:A","e1175392",7.03735237451021e-05,0.00608979783092244,0.0601819475085582,1,"","ENSG00000235513","InEns","rs9607782","E",1,"ENST00000441316",2,"chr22:41605126-41605955(-)",-17570,"chr22:41587556","A","T",34,"A","UP","UP",0.856139061081486
"rs2535627","chr3:52797641-52800193(*)",3.24696506764605e-08,1.20472255227385e-05,-0.371773969225791,1,"NEK4","ENSG00000114904","ExonSkip","rs2535627","J",0,"",7,"chr3:52797641-52800193(*)",44912,"chr3:52845105","T","C",39,"T","DOWN","DOWN",0.256714981877455
"rs2535627","TCONS_00463451",2.57467849857809e-07,0.000154100382731877,0.0785777019382277,1,"GNL3","ENSG00000163938","ExonSkip","rs2535627","T",1,"ENST00000394799",12,"chr3:52719970-52728603(+)",116502,"chr3:52845105","T","C",39,"T","UP","UP",0.38318207990339
"rs2535627","TCONS_00463453",3.69130241881063e-07,0.000213087885150819,0.18830368504369,1,"GNL3","ENSG00000163938","InEns","rs2535627","T",1,"ENST00000394799",12,"chr3:52720032-52728508(+)",116597,"chr3:52845105","T","C",39,"T","UP","UP",0.836855361624988
"rs2535627","TCONS_00482451",3.99383334469832e-07,0.000228657494397028,-0.0528188086598239,1,"NEK4","ENSG00000114904","ExonSkip","rs2535627","T",1,"ENST00000233027",7,"chr3:52742183-52804965(-)",40140,"chr3:52845105","T","C",39,"T","DOWN","DOWN",0.380910211504779
"rs2535627","ENSG00000114904",9.95886927347159e-07,0.000102304861211143,0.0372906602490805,1,"NEK4","ENSG00000114904","InEns","rs2535627","G",7,"ENST00000233027;ENST00000535191;ENST00000383721;ENST00000461689;ENST00000493199;ENST00000487068;ENST00000496822",7,"chr3:52744800-52804965(-)",40140,"chr3:52845105","T","C",39,"T","UP","UP",0.949952078048904
"rs2535627","e230441",1.11614585924106e-06,0.000162350799179822,-0.115109931803374,1,"ITIH4","ENSG00000055955","InEns","rs2535627","E",3,"ENST00000491663;ENST00000537897;ENST00000434759",17,"chr3:52853770-52854006(-)",-8665,"chr3:52845105","T","C",39,"T","DOWN","DOWN",0.442277260914072
"rs2535627","e230522",1.77297858609358e-06,0.000245571667524422,-0.0697166476359365,1,"","ENSG00000243696","InEns","rs2535627","E",1,"ENST00000468472",2,"chr3:52852068-52854006(-)",-6963,"chr3:52845105","T","C",39,"T","DOWN","DOWN",0.040878209825437
"rs2535627","er75903",2.26229101854766e-06,0.000303579726018191,-0.158957468329596,1,"ITIH4","ENSG00000243696","InEns","rs2535627","R",0,"",2,"chr3:52853742-52854006(*)",-8637,"chr3:52845105","T","C",39,"T","DOWN","DOWN",0.45191366538339
"rs2535627","e230455",4.61273039584785e-06,0.00057403060229974,-0.12376379756405,1,"ITIH4","ENSG00000055955","InEns","rs2535627","E",1,"ENST00000481977",17,"chr3:52853770-52853917(-)",-8665,"chr3:52845105","T","C",39,"T","DOWN","DOWN",0.431406119705311
"rs2535627","ENSG00000243696",5.61148495501967e-06,0.000482676216082295,-0.0199595190861203,1,"","ENSG00000243696","InEns","rs2535627","G",2,"ENST00000468472;ENST00000513520",2,"chr3:52847298-52869745(-)",-2193,"chr3:52845105","T","C",39,"T","DOWN","DOWN",0.0665362808646271
"rs2535627","er75894",6.27967488082384e-06,0.000752763650307725,-0.106348873648283,1,"ITIH4","ENSG00000243696","AltStartEnd","rs2535627","R",0,"",2,"chr3:52852031-52853299(*)",-6926,"chr3:52845105","T","C",39,"T","DOWN","DOWN",0.0161178994769211
"rs2535627","e230059",1.67625568522442e-05,0.0017788918103091,0.0561802172770473,1,"NEK4","ENSG00000114904","InEns","rs2535627","E",4,"ENST00000233027;ENST00000535191;ENST00000383721;ENST00000461689",7,"chr3:52773445-52773650(-)",71455,"chr3:52845105","T","C",39,"T","UP","UP",0.809474309643796
"rs2535627","chr3:52848380-52850899(*)",1.67690363218643e-05,0.00320586220346774,-0.167787719020774,1,"ITIH4","ENSG00000055955","InEns","rs2535627","J",8,"ENST00000266041;ENST00000346281;ENST00000485816;ENST00000406595;ENST00000468472;ENST00000441637;ENST00000491663;ENST00000461966",17,"chr3:52848380-52850899(*)",-3275,"chr3:52845105","T","C",39,"T","DOWN","DOWN",0.0413051597117062
"rs2535627","TCONS_00463450",2.33116046929974e-05,0.00794381904190036,0.0756580549633349,1,"GNL3","ENSG00000163938","ExonSkip","rs2535627","T",1,"ENST00000394799",12,"chr3:52719941-52728603(+)",116502,"chr3:52845105","T","C",39,"T","UP","UP",0.764011807769636
"rs2535627","e230329",3.84729989448304e-05,0.00364235542359553,-0.14338817479824,1,"ITIH4","ENSG00000055955","InEns","rs2535627","E",2,"ENST00000266041;ENST00000485816",17,"chr3:52853956-52854006(-)",-8851,"chr3:52845105","T","C",39,"T","DOWN","DOWN",0.852933803114322
"rs2535627","er75868",9.85999685016097e-05,0.00819290127585881,0.056846344006003,1,"NEK4","ENSG00000114904","InEns","rs2535627","R",0,"",7,"chr3:52773445-52773650(*)",71455,"chr3:52845105","T","C",39,"T","UP","UP",0.911420149184809
"rs12691307:29939877:A:G","e925552",1.02674959277629e-11,3.66888922745511e-09,-0.0902013819649428,0.000671583468482802,"INO80E","ENSG00000169592","InEns","rs12691307","E",1,"ENST00000569957",13,"chr16:30012533-30015978(+)",-72656,"chr16:29939877","G","A",40,"A","UP","UP",0.89773056952953
"rs12691307:29939877:A:G","ENSG00000102882",3.3556079266415e-11,7.36932690364638e-09,-0.0607155299550391,0.00019953055452453,"MAPK3","ENSG00000102882","InEns","rs12691307","G",16,"ENST00000263025;ENST00000466521;ENST00000484663;ENST00000322266;ENST00000403394;ENST00000490298;ENST00000485579;ENST00000461737;ENST00000494643;ENST00000473431;ENST00000395200;ENST00000395202;ENST00000478356;ENST00000395199;ENST00000483869;ENST00000481230",16,"chr16:30125426-30134827(-)",-185549,"chr16:29939877","G","A",40,"A","UP","UP",0.190509029094847
"rs12691307:29939877:A:G","er296191",1.32357293483351e-10,3.88913319650147e-08,0.313719236686484,0.00516433567186906,"","ENSG00000183604","InEns","rs12691307","R",0,"",4,"chr16:30289502-30289701(*)",-349625,"chr16:29939877","G","A",40,"A","DOWN","DOWN",0.983708460739105
"rs12691307:29939877:A:G","er296186",2.26037223892791e-10,6.41153022357069e-08,0.318935359785041,0.00881955249913472,"","ENSG00000183604","InEns","rs12691307","R",0,"",4,"chr16:30284350-30284551(*)",-344473,"chr16:29939877","G","A",40,"A","DOWN","DOWN",0.745792179791453
"rs12691307:29939877:A:G","er295687",2.30762376283185e-10,6.53691830817705e-08,0.307704356721435,0.00900391916607475,"","ENSG00000205534","InEns","rs12691307","R",0,"",2,"chr16:29544366-29544567(*)",395310,"chr16:29939877","G","A",40,"A","DOWN","DOWN",0.983931949506364
"rs12691307:29939877:A:G","e925592",2.62700312788647e-10,7.62995200084903e-08,-0.149489913612418,0.017182883584796,"INO80E","ENSG00000169592","InEns","rs12691307","E",2,"ENST00000567987;ENST00000540562",13,"chr16:30014757-30014847(+)",-74880,"chr16:29939877","G","A",40,"A","UP","UP",0.0349300324655539
"rs12691307:29939877:A:G","e926199",3.2126615915942e-10,9.20606816678287e-08,-0.0713174242956642,0.0210135989332153,"MAPK3","ENSG00000102882","InEns","rs12691307","E",1,"ENST00000485579",16,"chr16:30125523-30126029(-)",-185646,"chr16:29939877","G","A",40,"A","UP","UP",0.557441813896165
"rs12691307:29939877:A:G","e926197",3.31147200705769e-10,9.46840680808844e-08,-0.0708690186857455,0.0216599049264786,"MAPK3","ENSG00000102882","InEns","rs12691307","E",1,"ENST00000490298",16,"chr16:30125441-30126029(-)",-185564,"chr16:29939877","G","A",40,"A","UP","UP",0.567450793359386
"rs12691307:29939877:A:G","e926155",3.37188580338379e-10,9.62970233473445e-08,-0.0707926827880832,0.0220550636600817,"MAPK3","ENSG00000102882","InEns","rs12691307","E",2,"ENST00000263025;ENST00000466521",16,"chr16:30125426-30126029(-)",-185549,"chr16:29939877","G","A",40,"A","UP","UP",0.568667325553044
"rs12691307:29939877:A:G","e926172",3.37402493845121e-10,9.63545069759509e-08,-0.0707915814194976,0.022069055462545,"MAPK3","ENSG00000102882","InEns","rs12691307","E",3,"ENST00000484663;ENST00000322266;ENST00000403394",16,"chr16:30125427-30126029(-)",-185550,"chr16:29939877","G","A",40,"A","UP","UP",0.568532419669802
"rs12691307:29939877:A:G","er295692",3.88345149269602e-10,1.06217119058853e-07,0.303424486333024,0.0151525061792125,"","ENSG00000205534","InEns","rs12691307","R",0,"",2,"chr16:29549516-29549715(*)",390162,"chr16:29939877","G","A",40,"A","DOWN","DOWN",0.954926005233598
"rs12691307:29939877:A:G","e926204",6.01886342467205e-10,1.65127211464914e-07,-0.076532125874047,0.0393685977915576,"MAPK3","ENSG00000102882","InEns","rs12691307","E",1,"ENST00000461737",16,"chr16:30125867-30126029(-)",-185990,"chr16:29939877","G","A",40,"A","UP","UP",0.458255166072583
"rs12691307:29939877:A:G","e926206",8.83240759752832e-10,2.356861575027e-07,-0.0755253475747944,0.0577716219332782,"MAPK3","ENSG00000102882","InEns","rs12691307","E",1,"ENST00000494643",16,"chr16:30125937-30126029(-)",-186060,"chr16:29939877","G","A",40,"A","UP","UP",0.456532448152141
"rs12691307:29939877:A:G","er296182",1.33059167985787e-09,3.34595971460318e-07,0.325267075404438,0.0519172151087128,"","ENSG00000183604","InEns","rs12691307","R",0,"",4,"chr16:30281377-30281486(*)",-341500,"chr16:29939877","G","A",40,"A","DOWN","DOWN",0.777922460753818
"rs12691307:29939877:A:G","ENSG00000181625",2.20970282877491e-09,3.70162028289515e-07,0.0140465159787918,0.0131392951858105,"SLX1B","ENSG00000181625","InEns","rs12691307","G",5,"ENST00000330181;ENST00000565219;ENST00000351581;ENST00000567248;ENST00000566424",5,"chr16:29465822-29469540(+)",470337,"chr16:29939877","G","A",40,"A","DOWN","DOWN",0.562853104126441
"rs12691307:29939877:A:G","er296040",3.48498552788228e-09,8.17666958033687e-07,-0.0722101599645745,0.135977660194856,"GDPD3","ENSG00000102882","AltStartEnd","rs12691307","R",0,"",16,"chr16:30125096-30126029(*)",-185219,"chr16:29939877","G","A",40,"A","UP","UP",0.844197913218103
"rs12691307:29939877:A:G","e925607",7.18742937154981e-09,1.64043955204522e-06,-0.134053860052316,0.470120346848026,"INO80E","ENSG00000169592","InEns","rs12691307","E",1,"ENST00000540562",13,"chr16:30014971-30015035(+)",-75094,"chr16:29939877","G","A",40,"A","UP","UP",0.365186108429531
"rs12691307:29939877:A:G","er296193",1.00320439142367e-08,2.17527350546381e-06,0.384718375318632,0.391431713995923,"","ENSG00000183604","InEns","rs12691307","R",0,"",4,"chr16:30291014-30291115(*)",-351137,"chr16:29939877","G","A",40,"A","DOWN","DOWN",0.117412299438721
"rs12691307:29939877:A:G","e925593",1.00561175463271e-08,2.23525405916314e-06,-0.144067520634843,0.65775748524739,"INO80E","ENSG00000169592","InEns","rs12691307","E",1,"ENST00000567987",13,"chr16:30014971-30014991(+)",-75094,"chr16:29939877","G","A",40,"A","UP","UP",0.253193328229679
"rs12691307:29939877:A:G","er295683",1.09870091329776e-08,2.36641160128233e-06,0.306409962472546,0.428692682505816,"","ENSG00000205534","InEns","rs12691307","R",0,"",2,"chr16:29541392-29541501(*)",398376,"chr16:29939877","G","A",40,"A","DOWN","DOWN",0.618073028998233
"rs12691307:29939877:A:G","e924687",3.31136494098103e-08,6.67888628716576e-06,0.0503233924243569,1,"SLX1B","ENSG00000181625","InEns","rs12691307","E",1,"ENST00000566424",5,"chr16:29468291-29469336(+)",470541,"chr16:29939877","G","A",40,"A","DOWN","DOWN",0.633444167332871
"rs12691307:29939877:A:G","e926578",3.86221645748919e-08,7.68919755539405e-06,0.11583932093368,1,"","ENSG00000183604","InEns","rs12691307","E",1,"ENST00000529428",4,"chr16:30292588-30292746(-)",-352711,"chr16:29939877","G","A",40,"A","DOWN","DOWN",0.864412897602384
"rs12691307:29939877:A:G","e925608",6.843623444616e-08,1.29718232408865e-05,-0.105113789837785,1,"INO80E","ENSG00000169592","InEns","rs12691307","E",1,"ENST00000540562",13,"chr16:30015876-30015978(+)",-75999,"chr16:29939877","G","A",40,"A","UP","UP",0.546338151471721
"rs12691307:29939877:A:G","e926198",9.6734220919566e-08,1.7789845825118e-05,-0.0606343408232545,1,"MAPK3","ENSG00000102882","InEns","rs12691307","E",1,"ENST00000485579",16,"chr16:30127957-30128188(-)",-188080,"chr16:29939877","G","A",40,"A","UP","UP",0.161987027145918
"rs12691307:29939877:A:G","e926208",1.01271923687371e-07,1.85509210145623e-05,-0.0606967397937829,1,"MAPK3","ENSG00000102882","InEns","rs12691307","E",2,"ENST00000473431;ENST00000395200",16,"chr16:30127956-30128111(-)",-188079,"chr16:29939877","G","A",40,"A","UP","UP",0.160929267308645
"rs12691307:29939877:A:G","e926154",1.01656704940536e-07,1.86150648858422e-05,-0.0606894967612003,1,"MAPK3","ENSG00000102882","InEns","rs12691307","E",5,"ENST00000263025;ENST00000466521;ENST00000484663;ENST00000322266;ENST00000461737",16,"chr16:30127957-30128111(-)",-188080,"chr16:29939877","G","A",40,"A","UP","UP",0.160780727396866
"rs12691307:29939877:A:G","e925576",1.01944572042692e-07,1.86634175708094e-05,-0.105870835517249,1,"INO80E","ENSG00000169592","InEns","rs12691307","E",2,"ENST00000562441;ENST00000567987",13,"chr16:30015889-30015978(+)",-76012,"chr16:29939877","G","A",40,"A","UP","UP",0.536167820506931
"rs12691307:29939877:A:G","e926196",1.02930393626858e-07,1.8828095938584e-05,-0.0606950251224142,1,"MAPK3","ENSG00000102882","InEns","rs12691307","E",1,"ENST00000490298",16,"chr16:30127957-30128107(-)",-188080,"chr16:29939877","G","A",40,"A","UP","UP",0.158699985842712
"rs12691307:29939877:A:G","e926187",1.34944158299293e-07,2.40815799427708e-05,-0.0562891433950318,1,"MAPK3","ENSG00000102882","InEns","rs12691307","E",1,"ENST00000403394",16,"chr16:30127957-30128324(-)",-188080,"chr16:29939877","G","A",40,"A","UP","UP",0.165152030065399
"rs12691307:29939877:A:G","er295694",1.45322562353843e-07,2.53987778290223e-05,0.239301084259208,1,"","ENSG00000205534","InEns","rs12691307","R",0,"",2,"chr16:29551028-29551060(*)",388817,"chr16:29939877","G","A",40,"A","DOWN","DOWN",0.24346292548011
"rs12691307:29939877:A:G","e925591",2.39215523087469e-07,4.05074805110253e-05,-0.0901905568329395,1,"INO80E","ENSG00000169592","InEns","rs12691307","E",1,"ENST00000567987",13,"chr16:30013757-30014334(+)",-73880,"chr16:29939877","G","A",40,"A","UP","UP",0.830524549545693
"rs12691307:29939877:A:G","er296200",2.81158584741313e-07,4.63272097739589e-05,-0.177284766304129,1,"","ENSG00000183604","Novel","rs12691307","R",0,"",4,"chr16:30294328-30296157(*)",-354451,"chr16:29939877","G","A",40,"A","UP","UP",0.709356763085149
"rs12691307:29939877:A:G","e926222",3.51266057630476e-07,5.7383702732318e-05,-0.0590314583036376,1,"MAPK3","ENSG00000102882","InEns","rs12691307","E",1,"ENST00000395202",16,"chr16:30127989-30128111(-)",-188112,"chr16:29939877","G","A",40,"A","UP","UP",0.167328451202506
"rs12691307:29939877:A:G","er296042",4.38147575644153e-07,6.92950236789829e-05,-0.0623403628530069,1,"MAPK3","ENSG00000102882","InEns","rs12691307","R",0,"",16,"chr16:30127957-30128111(*)",-188080,"chr16:29939877","G","A",40,"A","UP","UP",0.238861577673158
"rs12691307:29939877:A:G","e926230",4.63448378196911e-07,7.37063015463472e-05,-0.0599122877022783,1,"MAPK3","ENSG00000102882","InEns","rs12691307","E",1,"ENST00000478356",16,"chr16:30128010-30128111(-)",-188133,"chr16:29939877","G","A",40,"A","UP","UP",0.134820304406063
"rs12691307:29939877:A:G","e924645",4.89263723691102e-07,7.74048644242745e-05,-0.126076180376589,1,"","ENSG00000254634","InEns","rs12691307","E",1,"ENST00000380596",2,"chr16:29454226-29455009(-)",484868,"chr16:29939877","G","A",40,"A","UP","UP",0.55643460356153
"rs12691307:29939877:A:G","er295558",8.97710708787412e-07,0.000132392089855265,-0.12466196443253,1,"SNX29P2","ENSG00000261740","AltStartEnd","rs12691307","R",0,"",3,"chr16:29452550-29455009(*)",484868,"chr16:29939877","G","A",40,"A","UP","UP",0.653247928556607
"rs12691307:29939877:A:G","e926165",9.53518975826328e-07,0.000140992880616761,-0.0533859416194781,1,"MAPK3","ENSG00000102882","InEns","rs12691307","E",1,"ENST00000484663",16,"chr16:30133145-30134289(-)",-193268,"chr16:29939877","G","A",40,"A","UP","UP",0.169027969349933
"rs12691307:29939877:A:G","er295667",9.61166803528978e-07,0.000140791674860681,0.242655978244848,1,"",NA,"Novel","rs12691307","R",0,"",0,"chr16:29532239-29532536(*)",407341,"chr16:29939877","G","A",40,"A","DOWN","DOWN",0.911275395527964
"rs12691307:29939877:A:G","e926203",1.33166417227524e-06,0.000190132445339407,-0.0841626998560893,1,"MAPK3","ENSG00000102882","InEns","rs12691307","E",1,"ENST00000461737",16,"chr16:30126916-30126966(-)",-187039,"chr16:29939877","G","A",40,"A","UP","UP",0.415939379187905
"rs12691307:29939877:A:G","e926205",1.39546539657517e-06,0.000198232851101536,-0.0689439846076737,1,"MAPK3","ENSG00000102882","InEns","rs12691307","E",1,"ENST00000494643",16,"chr16:30126916-30127320(-)",-187039,"chr16:29939877","G","A",40,"A","UP","UP",0.420625491377981
"rs12691307:29939877:A:G","e926238",1.64427564567061e-06,0.000229599264216553,-0.0623091286919413,1,"MAPK3","ENSG00000102882","InEns","rs12691307","E",1,"ENST00000483869",16,"chr16:30134361-30134426(-)",-194484,"chr16:29939877","G","A",40,"A","UP","UP",0.305907670690949
"rs12691307:29939877:A:G","e926173",1.80968966030386e-06,0.0002500993804623,-0.0609677324788492,1,"MAPK3","ENSG00000102882","InEns","rs12691307","E",2,"ENST00000322266;ENST00000403394",16,"chr16:30134361-30134630(-)",-194484,"chr16:29939877","G","A",40,"A","UP","UP",0.31758113298251
"rs12691307:29939877:A:G","e926147",1.82772383959495e-06,0.000252331941131956,-0.0610338719420052,1,"MAPK3","ENSG00000102882","InEns","rs12691307","E",2,"ENST00000263025;ENST00000466521",16,"chr16:30134361-30134615(-)",-194484,"chr16:29939877","G","A",40,"A","UP","UP",0.317912832295696
"rs12691307:29939877:A:G","e926209",1.86472404186798e-06,0.000256910099417663,-0.0618937692999934,1,"MAPK3","ENSG00000102882","InEns","rs12691307","E",1,"ENST00000395200",16,"chr16:30134361-30134471(-)",-194484,"chr16:29939877","G","A",40,"A","UP","UP",0.316554167161913
"rs12691307:29939877:A:G","e926189",1.86981079684472e-06,0.000257537248814582,-0.0614027484112773,1,"MAPK3","ENSG00000102882","InEns","rs12691307","E",1,"ENST00000490298",16,"chr16:30134361-30134548(-)",-194484,"chr16:29939877","G","A",40,"A","UP","UP",0.315150250874298
"rs12691307:29939877:A:G","e926216",1.87796920129082e-06,0.000258533945184148,-0.0615029466246807,1,"MAPK3","ENSG00000102882","InEns","rs12691307","E",2,"ENST00000395202;ENST00000395199",16,"chr16:30134361-30134530(-)",-194484,"chr16:29939877","G","A",40,"A","UP","UP",0.315315756683269
"rs12691307:29939877:A:G","e926148",2.0110789586253e-06,0.000274825068978499,-0.0547380945992529,1,"MAPK3","ENSG00000102882","InEns","rs12691307","E",10,"ENST00000263025;ENST00000466521;ENST00000322266;ENST00000403394;ENST00000490298;ENST00000395200;ENST00000395202;ENST00000478356;ENST00000395199;ENST00000481230",16,"chr16:30133145-30133327(-)",-193268,"chr16:29939877","G","A",40,"A","UP","UP",0.186507614722396
"rs12691307:29939877:A:G","e926239",2.09975144739336e-06,0.000285601739620688,-0.0545187317456846,1,"MAPK3","ENSG00000102882","InEns","rs12691307","E",1,"ENST00000483869",16,"chr16:30133145-30133360(-)",-193268,"chr16:29939877","G","A",40,"A","UP","UP",0.188972746194418
"rs12691307:29939877:A:G","er295701",2.41569494306005e-06,0.000321847859511098,-0.147956297706797,1,"","ENSG00000205534","AltStartEnd","rs12691307","R",0,"",2,"chr16:29556470-29556771(*)",383106,"chr16:29939877","G","A",40,"A","UP","UP",0.787920825032201
"rs7432375","ENSG00000114054",2.95434774764744e-11,6.53778558778611e-09,0.0548376645124692,0.000175670893988017,"PCCB","ENSG00000114054","InEns","rs7432375","G",19,"ENST00000251654;ENST00000462637;ENST00000466072;ENST00000468777;ENST00000482086;ENST00000483687;ENST00000484181;ENST00000490504;ENST00000471595;ENST00000469217;ENST00000465423;ENST00000478469;ENST00000474833;ENST00000462542;ENST00000494742;ENST00000459873;ENST00000475214;ENST00000465176;ENST00000473073",19,"chr3:135969148-136056738(+)",231667,"chr3:136288405","A","G",42,"G","DOWN","DOWN",0.620263117203029
"rs7432375","e253098",7.96704834228531e-10,2.14246097987353e-07,0.089137823848949,0.0521114203202602,"PCCB","ENSG00000114054","InEns","rs7432375","E",1,"ENST00000471595",19,"chr3:136048747-136048826(+)",239579,"chr3:136288405","A","G",42,"G","DOWN","DOWN",0.980297642524283
"rs7432375","er83327",8.88837938926624e-07,0.00013121550102846,0.0893813966081703,1,"PCCB","ENSG00000114054","InEns","rs7432375","R",0,"",19,"chr3:135975397-135975465(*)",312940,"chr3:136288405","A","G",42,"G","DOWN","DOWN",0.030458577878618
"rs7432375","e252972",4.20296083371297e-06,0.000528634164750838,0.0789919354726555,1,"PCCB","ENSG00000114054","InEns","rs7432375","E",15,"ENST00000251654;ENST00000466072;ENST00000468777;ENST00000483687;ENST00000484181;ENST00000490504;ENST00000471595;ENST00000469217;ENST00000465423;ENST00000478469;ENST00000462542;ENST00000494742;ENST00000459873;ENST00000475214;ENST00000465176",19,"chr3:135975397-135975465(+)",312940,"chr3:136288405","A","G",42,"G","DOWN","DOWN",0.00633542546160022
"rs4523957","e958497",2.10158567939965e-12,8.24776002068888e-10,-0.163643364423144,0.000137461968313877,"SRR","ENSG00000167720","InEns","rs4523957","E",2,"ENST00000572709;ENST00000574229",8,"chr17:2221164-2221194(+)",-12265,"chr17:2208899","T","G",47,"T","DOWN","DOWN",0.340549958884678
"rs4523957","e958509",3.36204936970589e-12,1.28355669858378e-09,-0.141152607692042,0.000219907248349837,"SRR","ENSG00000167720","InEns","rs4523957","E",1,"ENST00000575840",8,"chr17:2221164-2221275(+)",-12265,"chr17:2208899","T","G",47,"T","DOWN","DOWN",0.185364801830635
"rs4523957","e958500",3.72228162602368e-12,1.41286221608973e-09,-0.134209139499769,0.00024346956869156,"SRR","ENSG00000167720","InEns","rs4523957","E",4,"ENST00000344595;ENST00000576620;ENST00000574987;ENST00000570662",8,"chr17:2221164-2221290(+)",-12265,"chr17:2208899","T","G",47,"T","DOWN","DOWN",0.18119495587739
"rs4523957","ENSG00000167720",5.43878050656962e-11,1.16048345555232e-08,-0.0601007279686901,0.000323399787501152,"SRR","ENSG00000167720","InEns","rs4523957","G",8,"ENST00000572709;ENST00000344595;ENST00000575840;ENST00000576620;ENST00000576848;ENST00000574987;ENST00000570662;ENST00000574229",8,"chr17:2206677-2228554(+)",-2222,"chr17:2208899","T","G",47,"T","DOWN","DOWN",0.460562254149436
"rs4523957","er305264",2.29792198510119e-10,6.51122491631553e-08,-0.156304240836031,0.00896606463196,"SRR","ENSG00000167720","InEns","rs4523957","R",0,"",8,"chr17:2221164-2221290(*)",-12265,"chr17:2208899","T","G",47,"T","DOWN","DOWN",0.208085380548948
"rs4523957","e958503",1.11092892381155e-07,2.0181050968628e-05,-0.0981257906471767,1,"SRR","ENSG00000167720","InEns","rs4523957","E",2,"ENST00000344595;ENST00000574987",8,"chr17:2224836-2224910(+)",-15937,"chr17:2208899","T","G",47,"T","DOWN","DOWN",0.0425302110894103
"rs4523957","e958501",2.08409141723886e-07,3.57451947066726e-05,-0.105204034485616,1,"SRR","ENSG00000167720","InEns","rs4523957","E",3,"ENST00000344595;ENST00000576620;ENST00000574987",8,"chr17:2222120-2222223(+)",-13221,"chr17:2208899","T","G",47,"T","DOWN","DOWN",0.311500557910325
"rs4523957","e958527",3.53169521164103e-07,5.76641137488881e-05,-0.137412770534556,1,"SRR","ENSG00000167720","InEns","rs4523957","E",1,"ENST00000570662",8,"chr17:2222120-2222124(+)",-13221,"chr17:2208899","T","G",47,"T","DOWN","DOWN",0.33250833892323
"rs4523957","chr17:2226640-2226948(*)",4.64003334073702e-07,0.000134226455131807,-0.135907121732505,1,"SRR","ENSG00000167720","InEns","rs4523957","J",2,"ENST00000344595;ENST00000576848",8,"chr17:2226640-2226948(*)",-17741,"chr17:2208899","T","G",47,"T","DOWN","DOWN",0.636460457281177
"rs4523957","e958496",6.88276411307182e-07,0.000105225416175525,-0.0981640829475782,1,"SRR","ENSG00000167720","InEns","rs4523957","E",5,"ENST00000572709;ENST00000344595;ENST00000575840;ENST00000576620;ENST00000570662",8,"chr17:2218851-2219022(+)",-9952,"chr17:2208899","T","G",47,"T","DOWN","DOWN",0.507429726610127
"rs2905426:19478022:G:T","er339848",2.50548311442901e-08,5.06783782312039e-06,0.109709551289653,0.977592959373933,"GATAD2A","ENSG00000167491","InEns","rs2905426","R",0,"",16,"chr19:19618073-19619697(*)",-140051,"chr19:19478022","T","G",51,"G","DOWN","DOWN",0.719363550973353
"rs2905426:19478022:G:T","chr19:19643550-19643912(*)",9.36110114757109e-06,0.0019333847155229,0.184488623757412,1,"NDUFA13","ENSG00000186010","InEns","rs2905426","J",3,"ENST00000512771;ENST00000586674;ENST00000458210",9,"chr19:19643550-19643912(*)",-165528,"chr19:19478022","T","G",51,"G","DOWN","DOWN",0.0403688535599018
"rs140505938:150031490:C:T","er24106",1.88493717352262e-16,1.13870193808141e-13,-0.656009131314727,7.35467462975841e-09,"VPS45",NA,"Novel","rs140505938","R",0,"",0,"chr1:150039082-150039178(*)",-7592,"chr1:150031490","T","C",52,"C","UP","UP",0.70023578743414
"rs34269918:8424984:GA:G","e7511",7.69641251890015e-07,0.000116349656383123,0.0941397546874962,1,"RERE","ENSG00000142599","InEns","rs34269918","E",1,"ENST00000465125",18,"chr1:8484075-8484294(-)",-59091,"chr1:8424984","GA","G",57,"I2","UP","UP",0.723006479777249
"rs6002655:42603814:C:T","e1176480",1.32224920498994e-15,7.64529196669291e-13,0.312063558761831,8.64865896741827e-08,"","ENSG00000232710","InEns","rs6002655","E",1,"ENST00000428786",1,"chr22:42533996-42534114(-)",69700,"chr22:42603814","C","T",61,"T","DOWN","DOWN",0.15535191433955
"rs6002655:42603814:C:T","ENSG00000198951",2.0897940871466e-13,6.0580293643381e-11,-0.065894375505701,1.24262959846975e-06,"NAGA","ENSG00000198951","InEns","rs6002655","G",3,"ENST00000396398;ENST00000403363;ENST00000402937",3,"chr22:42454358-42466846(-)",136968,"chr22:42603814","C","T",61,"T","UP","UP",0.840682392856109
"rs6002655:42603814:C:T","e1176310",7.18747700247404e-13,2.9977342710873e-10,-0.0791389761867112,4.70123462324431e-05,"NAGA","ENSG00000198951","InEns","rs6002655","E",1,"ENST00000396398",3,"chr22:42454358-42456417(-)",147397,"chr22:42603814","C","T",61,"T","UP","UP",0.463566783031322
"rs6002655:42603814:C:T","er374791",1.62845140485354e-12,6.22678501634157e-10,-0.120624183455343,6.35391481546749e-05,"WBP2NL","ENSG00000198951","InEns","rs6002655","R",0,"",3,"chr22:42454441-42456417(*)",147397,"chr22:42603814","C","T",61,"T","UP","UP",0.497507037369384
"rs6002655:42603814:C:T","e1176462",5.69043454925123e-11,1.82858303519151e-08,0.108552620256375,0.00372203875087698,"CYP2D6","ENSG00000100197","InEns","rs6002655","E",1,"ENST00000488442",5,"chr22:42525740-42526815(-)",76999,"chr22:42603814","C","T",61,"T","DOWN","DOWN",0.803192017464502
"rs6002655:42603814:C:T","er374847",8.25182364088953e-10,2.14527318993323e-07,-0.367614679699118,0.0321970826579185,"NDUFA6-AS1","ENSG00000237037","Novel","rs6002655","R",0,"",16,"chr22:42521673-42521919(*)",81895,"chr22:42603814","C","T",61,"T","UP","UP",0.616909922893913
"rs3849046","e355680",5.18119079581505e-07,8.14895389784246e-05,-0.0883826231555346,1,"CTNNA1","ENSG00000044115","InEns","rs3849046","E",1,"ENST00000522227",44,"chr5:137946667-137946778(+)",-95475,"chr5:137851192","C","T",73,"T","UP","UP",0.668721934645082
"rs3849046","e355674",5.93522177983768e-07,9.21025578874052e-05,-0.0822237077026576,1,"CTNNA1","ENSG00000044115","InEns","rs3849046","E",1,"ENST00000517980",44,"chr5:137946656-137946778(+)",-95464,"chr5:137851192","C","T",73,"T","UP","UP",0.665327218507293
"rs3849046","e355676",6.42155668654515e-06,0.00076879346580525,-0.0721344012635604,1,"CTNNA1","ENSG00000044115","InEns","rs3849046","E",3,"ENST00000517980;ENST00000522227;ENST00000524127",44,"chr5:138059156-138059314(+)",-207964,"chr5:137851192","C","T",73,"T","UP","UP",0.893088506452811
"rs1106568","er104377",3.11580799924123e-06,0.000403925873266325,0.316756668133498,1,"GPM6A","ENSG00000150625","AltStartEnd","rs1106568","R",0,"",21,"chr4:176882388-176882782(*)",-21087,"chr4:176861301","G","A",84,"G","UP","UP",0.768973948169426
"rs832187","e234585",1.79039559662523e-15,1.02028078150947e-12,-0.0973525782459804,1.1710743234742e-07,"THOC7","ENSG00000163634","InEns","rs832187","E",1,"ENST00000469153",7,"chr3:63825359-63825449(-)",7601,"chr3:63833050","C","T",93,"C","DOWN","DOWN",0.79731553471794
"rs832187","e234596",4.42446124800375e-12,1.66268895611177e-09,-0.0680401975734224,0.000289398218612152,"THOC7","ENSG00000163634","InEns","rs832187","E",1,"ENST00000498422",7,"chr3:63821003-63821066(-)",11984,"chr3:63833050","C","T",93,"C","DOWN","DOWN",0.856240939797741
"rs832187","e234568",6.33730803763477e-12,2.33162469527181e-09,-0.0669420591284015,0.000414515023205469,"THOC7","ENSG00000163634","InEns","rs832187","E",4,"ENST00000295899;ENST00000469584;ENST00000473141;ENST00000469153",7,"chr3:63821000-63821066(-)",11984,"chr3:63833050","C","T",93,"C","DOWN","DOWN",0.881930522205498
"rs832187","er77009",1.34737744904053e-11,4.5596619437478e-09,-0.0816612273577989,0.00052572164634261,"C3orf49","ENSG00000163634","AltStartEnd","rs832187","R",0,"",7,"chr3:63821000-63821066(*)",11984,"chr3:63833050","C","T",93,"C","DOWN","DOWN",0.877817090248678
"rs832187","chr3:63820900-63820999(*)",1.83783795886695e-11,1.16824331611955e-08,-0.0756378172564522,0.000834342080890769,"THOC7","ENSG00000163634","InEns","rs832187","J",4,"ENST00000295899;ENST00000469584;ENST00000473141;ENST00000469153",7,"chr3:63820900-63820999(*)",12051,"chr3:63833050","C","T",93,"C","DOWN","DOWN",0.774568180944721
"rs832187","er77031",7.88977939497576e-11,2.3973853979735e-08,-0.145423866123539,0.00307844532781838,"PSMD6-AS2","ENSG00000271843","AltStartEnd","rs832187","R",0,"",1,"chr3:63993865-63995072(*)",-160815,"chr3:63833050","C","T",93,"C","DOWN","DOWN",0.46612857679806
"rs832187","e234590",2.46320810141247e-10,7.18485690911861e-08,-0.0611106174588808,0.0161115217573985,"THOC7","ENSG00000163634","InEns","rs832187","E",1,"ENST00000469153",7,"chr3:63820841-63820899(-)",12151,"chr3:63833050","C","T",93,"C","DOWN","DOWN",0.847985390658615
"rs832187","e234569",3.33405648907652e-10,9.52877132823772e-08,-0.0604305530824342,0.0218076270670551,"THOC7","ENSG00000163634","InEns","rs832187","E",3,"ENST00000295899;ENST00000469584;ENST00000473141",7,"chr3:63820830-63820899(-)",12151,"chr3:63833050","C","T",93,"C","DOWN","DOWN",0.549276525557478
"rs832187","e234597",4.52798039479506e-09,1.07081368086378e-06,-0.0956529685974264,0.296169270497208,"THOC7","ENSG00000163634","InEns","rs832187","E",1,"ENST00000464327",7,"chr3:63849448-63849475(-)",-16398,"chr3:63833050","C","T",93,"C","DOWN","DOWN",0.992398593914142
"rs832187","er77008",8.56133377293526e-09,1.87893519674435e-06,-0.0672879499227489,0.334047336861784,"C3orf49","ENSG00000163634","AltStartEnd","rs832187","R",0,"",7,"chr3:63820830-63820899(*)",12151,"chr3:63833050","C","T",93,"C","DOWN","DOWN",0.657004876129894
"rs8044995","er300214",5.36534252050968e-09,1.22025715324351e-06,0.272976074617478,0.209345696343885,"PRMT7","ENSG00000132600","Novel","rs8044995","R",0,"",28,"chr16:68390044-68390070(*)",-200704,"chr16:68189340","A","G",94,"A","UP","UP",0.00720011563150538
"rs8044995","chr16:68390119-68390603(*)",1.40139423556874e-06,0.000362168655971451,0.44370538129639,1,"PRMT7","ENSG00000132600","AltStartEnd","rs8044995","J",0,"",28,"chr16:68390119-68390603(*)",-200779,"chr16:68189340","A","G",94,"A","UP","UP",0.334717515247171
"rs8044995","ENSG00000102904",8.78221408352723e-06,0.000718218975806139,0.0420430702786333,1,"TSNAXIP1","ENSG00000102904","InEns","rs8044995","G",16,"ENST00000415766;ENST00000466164;ENST00000568990;ENST00000487120;ENST00000565339;ENST00000563363;ENST00000561639;ENST00000567852;ENST00000565148;ENST00000388833;ENST00000562633;ENST00000561654;ENST00000569504;ENST00000431934;ENST00000562321;ENST00000565558",16,"chr16:67840668-67866051(+)",323289,"chr16:68189340","A","G",94,"A","UP","UP",0.930366925994157
"rs8044995","er299957",4.35981610598039e-05,0.0040870626617014,0.085517993120472,1,"TSNAXIP1","ENSG00000102904","InEns","rs8044995","R",0,"",16,"chr16:67859570-67860185(*)",329155,"chr16:68189340","A","G",94,"A","UP","UP",0.562825349589275
"rs8044995","e943386",4.47866252779178e-05,0.00414847272858134,0.0647884148040053,1,"PRMT7","ENSG00000132600","InEns","rs8044995","E",11,"ENST00000564050;ENST00000449359;ENST00000564441;ENST00000565356;ENST00000562050;ENST00000563520;ENST00000348497;ENST00000441236;ENST00000339507;ENST00000568975;ENST00000567542",28,"chr16:68373225-68373466(+)",-183885,"chr16:68189340","A","G",94,"A","UP","UP",0.701147762775058
"rs8082590:17958402:G:A","e974166",4.58095769724785e-07,7.29384514007399e-05,-0.137674762421397,1,"ATPAF2","ENSG00000171953","InEns","rs8082590","E",1,"ENST00000584205",13,"chr17:17891700-17891821(-)",66581,"chr17:17958402","G","A",96,"G","DOWN","DOWN",0.862955965470024
"12:57487814:A:C","e757749",1.70762457356802e-07,2.98274793256764e-05,-0.0918336279574865,1,"STAT6","ENSG00000166888","InEns","rs324017","E",8,"ENST00000300134;ENST00000538913;ENST00000543873;ENST00000556155;ENST00000537215;ENST00000454075;ENST00000554764;ENST00000555318",24,"chr12:57493077-57493223(-)",-5263,"chr12:57487814","A","C",103,"C","UP","UP",0.601032630448273
"12:57487814:A:C","e757907",1.5899953346489e-06,0.000222814945797901,-0.0945070802609437,1,"STAT6","ENSG00000166888","InEns","rs324017","E",1,"ENST00000555375",24,"chr12:57493202-57493223(-)",-5388,"chr12:57487814","A","C",103,"C","UP","UP",0.314386774514133
"12:57487814:A:C","chr12:57492862-57493076(*)",4.60244043456989e-06,0.00103895286596346,-0.102065073945133,1,"STAT6","ENSG00000166888","InEns","rs324017","J",8,"ENST00000300134;ENST00000538913;ENST00000543873;ENST00000556155;ENST00000537215;ENST00000454075;ENST00000554764;ENST00000555318",24,"chr12:57492862-57493076(*)",-5048,"chr12:57487814","A","C",103,"C","UP","UP",0.979195803700797
"12:57487814:A:C","e757895",1.57074068151572e-05,0.00168165168130091,-0.0821246585157329,1,"STAT6","ENSG00000166888","InEns","rs324017","E",1,"ENST00000555318",24,"chr12:57493550-57493577(-)",-5736,"chr12:57487814","A","C",103,"C","UP","UP",0.263345180036226
"12:57487814:A:C","e757754",2.11603152350969e-05,0.00217742885264085,-0.0766812179129118,1,"STAT6","ENSG00000166888","InEns","rs324017","E",9,"ENST00000300134;ENST00000555222;ENST00000538913;ENST00000557563;ENST00000543873;ENST00000556155;ENST00000537215;ENST00000454075;ENST00000554764",24,"chr12:57490633-57490761(-)",-2819,"chr12:57487814","A","C",103,"C","UP","UP",0.841085816023662
"rs9841616:181167585:T:A","er86835",8.1787630624662e-12,2.85042833134086e-09,0.654792213167655,0.000319120138555661,"SOX2-OT","ENSG00000241231","AltStartEnd","rs9841616","R",0,"",1,"chr3:181138269-181139248(*)",28337,"chr3:181167585","A","T",106,"T","DOWN","DOWN",0.572364757125157
"rs9841616:181167585:T:A","er86839",4.30909310691449e-11,1.360211717477e-08,0.566219156234226,0.00168132806736811,"SOX2-OT","ENSG00000241231","AltStartEnd","rs9841616","R",0,"",1,"chr3:181160162-181160267(*)",7318,"chr3:181167585","A","T",106,"T","DOWN","DOWN",0.681087199699279
"rs9841616:181167585:T:A","er86837",3.84255798505288e-10,1.05178544251108e-07,0.550244626738709,0.0149929473104027,"SOX2-OT","ENSG00000241231","AltStartEnd","rs9841616","R",0,"",1,"chr3:181156386-181156487(*)",11098,"chr3:181167585","A","T",106,"T","DOWN","DOWN",0.585947113298127
"rs9841616:181167585:T:A","er86836",4.32599948019208e-10,1.17436997707676e-07,0.573254833147194,0.0168792462010061,"SOX2-OT","ENSG00000241231","AltStartEnd","rs9841616","R",0,"",1,"chr3:181139516-181139704(*)",27881,"chr3:181167585","A","T",106,"T","DOWN","DOWN",0.344858711028936
"rs9841616:181167585:T:A","e265794",3.58976710397815e-09,8.64374290872842e-07,0.384130537291982,0.234801967266072,"","ENSG00000241231","InEns","rs9841616","E",1,"ENST00000460993",1,"chr3:181157765-181157822(-)",9763,"chr3:181167585","A","T",106,"T","DOWN","DOWN",0.609038769799747
"rs9841616:181167585:T:A","ENSG00000241231",4.37297892537506e-09,6.98958665950515e-07,0.275148107750265,0.0260025285724445,"","ENSG00000241231","InEns","rs9841616","G",1,"ENST00000460993",1,"chr3:181138846-181160274(-)",7311,"chr3:181167585","A","T",106,"T","DOWN","DOWN",0.453664780452055
"rs9841616:181167585:T:A","e265795",6.12529912942475e-09,1.41538634078406e-06,0.370138734724967,0.400647798039112,"","ENSG00000241231","InEns","rs9841616","E",1,"ENST00000460993",1,"chr3:181156386-181156487(-)",11098,"chr3:181167585","A","T",106,"T","DOWN","DOWN",0.525427826131352
"rs9841616:181167585:T:A","e265793",8.58338850399142e-09,1.93215074073225e-06,0.333890302434639,0.561428206390527,"","ENSG00000241231","InEns","rs9841616","E",1,"ENST00000460993",1,"chr3:181160162-181160274(-)",7311,"chr3:181167585","A","T",106,"T","DOWN","DOWN",0.53142191697482
"rs9841616:181167585:T:A","chr3:181139705-181156385(*)",2.00399450840629e-08,7.73912952956212e-06,0.528645650495994,0.909773867805081,NA,"ENSG00000241231","InEns","rs9841616","J",1,"ENST00000460993",1,"chr3:181139705-181156385(*)",11200,"chr3:181167585","A","T",106,"T","DOWN","DOWN",0.617930951760306
"rs9841616:181167585:T:A","chr3:181156488-181157764(*)",3.71109906281222e-08,1.36076998598385e-05,0.516999560347627,1,NA,"ENSG00000241231","InEns","rs9841616","J",1,"ENST00000460993",1,"chr3:181156488-181157764(*)",9821,"chr3:181167585","A","T",106,"T","DOWN","DOWN",0.687748694225322
"rs9841616:181167585:T:A","e265796",4.89792256078148e-08,9.55901505685186e-06,0.315326875761602,1,"","ENSG00000241231","InEns","rs9841616","E",1,"ENST00000460993",1,"chr3:181139516-181139704(-)",27881,"chr3:181167585","A","T",106,"T","DOWN","DOWN",0.359938189102313
"rs9841616:181167585:T:A","e265797",5.95932167148199e-08,1.14325173663582e-05,0.269515123636248,1,"","ENSG00000241231","InEns","rs9841616","E",1,"ENST00000460993",1,"chr3:181138846-181139248(-)",28337,"chr3:181167585","A","T",106,"T","DOWN","DOWN",0.513728263973995
"rs9841616:181167585:T:A","chr3:181157823-181160161(*)",7.19671161643629e-08,2.48812673955131e-05,0.510862790546542,1,NA,"ENSG00000241231","InEns","rs9841616","J",1,"ENST00000460993",1,"chr3:181157823-181160161(*)",7424,"chr3:181167585","A","T",106,"T","DOWN","DOWN",0.506317443623503
"rs9841616:181167585:T:A","er86838",1.26827599349412e-07,2.24308266885671e-05,0.378885710527893,1,"SOX2-OT","ENSG00000241231","AltStartEnd","rs9841616","R",0,"",1,"chr3:181157765-181157822(*)",9763,"chr3:181167585","A","T",106,"T","DOWN","DOWN",0.666232048145923
"rs9841616:181167585:T:A","TCONS_00492361",2.61847810244625e-06,0.00121145859070334,0.189060759946419,1,"RP11-275H4.1","ENSG00000241231","InEns","rs9841616","T",1,"ENST00000460993",1,"chr3:181138846-181160274(-)",7311,"chr3:181167585","A","T",106,"T","DOWN","DOWN",0.298258970787745
"rs1023500:42340844:T:C","er374791",2.85055452144518e-10,7.96166907270599e-08,-0.120113882093771,0.011122334109649,"WBP2NL","ENSG00000198951","InEns","rs1023500","R",0,"",3,"chr22:42454441-42456417(*)",-113597,"chr22:42340844","C","T",113,"T","UP","UP",0.497507037369384
"rs1023500:42340844:T:C","ENSG00000100162",7.21911046373441e-10,1.30557632752252e-07,0.0466708864981787,0.00429261446954692,"CENPM","ENSG00000100162","InEns","rs1023500","G",8,"ENST00000215980;ENST00000472374;ENST00000404067;ENST00000402338;ENST00000407253;ENST00000402420;ENST00000396437;ENST00000460824",8,"chr22:42334725-42343168(-)",2324,"chr22:42340844","C","T",113,"T","DOWN","DOWN",0.125586654834968
"rs1023500:42340844:T:C","e1176142",2.25616571458e-09,5.6208072766455e-07,0.105894699986073,0.147572846069757,"CENPM","ENSG00000100162","InEns","rs1023500","E",1,"ENST00000404067",8,"chr22:42342421-42342692(-)",-1577,"chr22:42340844","C","T",113,"T","DOWN","DOWN",0.216244174768768
"rs1023500:42340844:T:C","e1176146",2.50427335590564e-09,6.19207826355462e-07,0.104501877582387,0.163801242115965,"CENPM","ENSG00000100162","InEns","rs1023500","E",1,"ENST00000402338",8,"chr22:42342421-42342697(-)",-1577,"chr22:42340844","C","T",113,"T","DOWN","DOWN",0.225214776542059
"rs1023500:42340844:T:C","e1176156",2.58057491017042e-09,6.3669821895294e-07,0.0955629657438815,0.16879202690169,"CENPM","ENSG00000100162","InEns","rs1023500","E",1,"ENST00000402420",8,"chr22:42342421-42342733(-)",-1577,"chr22:42340844","C","T",113,"T","DOWN","DOWN",0.202564226823055
"rs1023500:42340844:T:C","ENSG00000198951",6.269617345659e-09,9.77025632297291e-07,-0.0582146206544474,0.0372802858076453,"NAGA","ENSG00000198951","InEns","rs1023500","G",3,"ENST00000396398;ENST00000403363;ENST00000402937",3,"chr22:42454358-42466846(-)",-113514,"chr22:42340844","C","T",113,"T","UP","UP",0.840682392856109
"rs1023500:42340844:T:C","e1176310",3.83549500338902e-08,7.64046562482518e-06,-0.0681212051410623,1,"NAGA","ENSG00000198951","InEns","rs1023500","E",1,"ENST00000396398",3,"chr22:42454358-42456417(-)",-113514,"chr22:42340844","C","T",113,"T","UP","UP",0.463566783031322
"rs1023500:42340844:T:C","e1176480",1.07116551623079e-07,1.95224163439488e-05,0.235230434998327,1,"","ENSG00000232710","InEns","rs1023500","E",1,"ENST00000428786",1,"chr22:42533996-42534114(-)",-193152,"chr22:42340844","C","T",113,"T","DOWN","DOWN",0.15535191433955
"rs1023500:42340844:T:C","er374847",2.58427047732191e-06,0.000341883785717309,-0.315026291687592,1,"NDUFA6-AS1","ENSG00000237037","Novel","rs1023500","R",0,"",16,"chr22:42521673-42521919(*)",-180829,"chr22:42340844","C","T",113,"T","UP","UP",0.616909922893913
"rs12421382","TCONS_00112175",5.04248950925337e-09,4.3196942301355e-06,-0.0246344029883482,0.145385773564303,NA,NA,"Novel","rs12421382","T",1,"NA",0,"chr11:109472672-109481416(+)",-94601,"chr11:109378071","T","C",114,"C","UP","UP",0.233898004381893
"rs75575209:58138192:A:T","e131053",2.44926747662081e-17,1.69874189006272e-14,-0.326573711309598,1.6020337955464e-09,"FANCL","ENSG00000115392","InEns","rs75575209","E",6,"ENST00000403295;ENST00000233741;ENST00000402135;ENST00000427708;ENST00000540646;ENST00000481670",11,"chr2:58453863-58453919(-)",-315671,"chr2:58138192","T","A",117,"T","DOWN","DOWN",0.794050146842329
"rs75575209:58138192:A:T","er44719",3.55519689848413e-17,2.3193409300476e-14,-0.348353373844342,1.38717177423013e-09,"FANCL","ENSG00000115392","InEns","rs75575209","R",0,"",11,"chr2:58453863-58453919(*)",-315671,"chr2:58138192","T","A",117,"T","DOWN","DOWN",0.63053885334754
"rs6670165:177280121:C:T","er29376",6.70177990963229e-06,0.000797227529052393,-0.13511420833149,1,"BRINP2",NA,"Novel","rs6670165","R",0,"",0,"chr1:177252590-177253712(*)",26409,"chr1:177280121","T","C",120,"T","DOWN","DOWN",0.239858474588008
"rs7523273:207977083:A:G","e98086",1.56639794361862e-37,4.61534537509868e-34,-0.229779952538999,1.02456039077186e-29,"CD46","ENSG00000117335","InEns","rs7523273","E",1,"ENST00000469535",20,"chr1:207940358-207943707(+)",33376,"chr1:207977083","G","A",121,"A","UP","UP",0.916558771255549
"rs7523273:207977083:A:G","er32790",5.29966076250208e-37,1.56802827231912e-33,-0.298031194797588,2.06782916183134e-29,"CD46","ENSG00000117335","InEns","rs7523273","R",0,"",20,"chr1:207943298-207943707(*)",33376,"chr1:207977083","G","A",121,"A","UP","UP",0.172969259238295
"rs7523273:207977083:A:G","er32789",6.53679913710019e-35,1.69013116130274e-31,-0.357175261509694,2.55053756956853e-27,"CD46","ENSG00000117335","InEns","rs7523273","R",0,"",20,"chr1:207942547-207943120(*)",33963,"chr1:207977083","G","A",121,"A","UP","UP",0.682101488757257
"rs7523273:207977083:A:G","ENSG00000117335",3.59153416425307e-33,4.47618003240802e-30,-0.141394685376641,2.13559157998667e-26,"CD46","ENSG00000117335","InEns","rs7523273","G",20,"ENST00000322875;ENST00000322918;ENST00000354848;ENST00000357714;ENST00000358170;ENST00000361067;ENST00000367041;ENST00000367042;ENST00000367047;ENST00000441839;ENST00000493796;ENST00000469535;ENST00000360212;ENST00000480003;ENST00000464082;ENST00000496723;ENST00000488596;ENST00000490278;ENST00000471987;ENST00000462968",20,"chr1:207925402-207968858(+)",8225,"chr1:207977083","G","A",121,"A","UP","UP",0.274253750422726
"rs7523273:207977083:A:G","e98116",3.32409588245602e-31,6.74882257524199e-28,-0.217388414907159,2.17424760429938e-23,"CD46","ENSG00000117335","InEns","rs7523273","E",1,"ENST00000488596",20,"chr1:207943386-207943707(+)",33376,"chr1:207977083","G","A",121,"A","UP","UP",0.226321888696232
"rs7523273:207977083:A:G","e98122",1.04008520209805e-30,2.04693089689512e-27,-0.216072457519875,6.80306115977041e-23,"CD46","ENSG00000117335","InEns","rs7523273","E",1,"ENST00000490278",20,"chr1:207943398-207943707(+)",33376,"chr1:207977083","G","A",121,"A","UP","UP",0.241988287366621
"rs7523273:207977083:A:G","chr1:207943708-207956636(*)",1.21655155942289e-22,2.49944138442322e-19,-0.20356377474971,5.52290344588148e-15,"CD46","ENSG00000117335","InEns","rs7523273","J",14,"ENST00000322875;ENST00000322918;ENST00000354848;ENST00000357714;ENST00000358170;ENST00000367041;ENST00000367042;ENST00000367047;ENST00000441839;ENST00000469535;ENST00000488596;ENST00000490278;ENST00000471987;ENST00000462968",20,"chr1:207943708-207956636(*)",20447,"chr1:207977083","G","A",121,"A","UP","UP",0.45571927368737
"rs7523273:207977083:A:G","e98111",2.75954870350713e-22,3.00822161193911e-19,-0.144011605977488,1.80498468447149e-14,"CD46","ENSG00000117335","InEns","rs7523273","E",1,"ENST00000480003",20,"chr1:207966864-207966991(+)",10092,"chr1:207977083","G","A",121,"A","UP","UP",0.535132071129796
"rs7523273:207977083:A:G","e97971",2.88835497542437e-22,3.14352570096317e-19,-0.121337134573634,1.88923518085845e-14,"CD46","ENSG00000117335","InEns","rs7523273","E",11,"ENST00000322875;ENST00000322918;ENST00000354848;ENST00000357714;ENST00000358170;ENST00000361067;ENST00000367041;ENST00000367042;ENST00000367047;ENST00000441839;ENST00000469535",20,"chr1:207966864-207968858(+)",8225,"chr1:207977083","G","A",121,"A","UP","UP",0.100871768235504
"rs7523273:207977083:A:G","e98100",2.8958287218132e-22,3.15148555166742e-19,-0.121359307035818,1.89412366054005e-14,"CD46","ENSG00000117335","InEns","rs7523273","E",1,"ENST00000360212",20,"chr1:207966864-207968851(+)",8232,"chr1:207977083","G","A",121,"A","UP","UP",0.100846333231736
"rs7523273:207977083:A:G","e98128",3.31859542911072e-22,3.59455833394025e-19,-0.18696487037333,2.17064982976715e-14,"CD46","ENSG00000117335","InEns","rs7523273","E",1,"ENST00000462968",20,"chr1:207943684-207943707(+)",33376,"chr1:207977083","G","A",121,"A","UP","UP",0.272747202262332
"rs7523273:207977083:A:G","e98124",4.13918646525439e-22,4.44946871490857e-19,-0.184816495573837,2.70738768497207e-14,"CD46","ENSG00000117335","InEns","rs7523273","E",1,"ENST00000471987",20,"chr1:207943655-207943707(+)",33376,"chr1:207977083","G","A",121,"A","UP","UP",0.244611726201156
"rs7523273:207977083:A:G","e97966",1.74903559807479e-21,1.78496577100286e-18,-0.182210255966791,1.14402128982474e-13,"CD46","ENSG00000117335","InEns","rs7523273","E",10,"ENST00000322875;ENST00000322918;ENST00000354848;ENST00000357714;ENST00000358170;ENST00000367041;ENST00000367042;ENST00000367047;ENST00000441839;ENST00000496723",20,"chr1:207943666-207943707(+)",33376,"chr1:207977083","G","A",121,"A","UP","UP",0.253648632020973
"rs7523273:207977083:A:G","er32814",1.05846669266527e-20,9.80651710457302e-18,-0.120109739378273,4.12994037166838e-13,"CD46","ENSG00000117335","AltStartEnd","rs7523273","R",0,"",20,"chr1:207963277-207968850(*)",8233,"chr1:207977083","G","A",121,"A","UP","UP",0.126199818219891
"rs7523273:207977083:A:G","e98121",2.5166231458691e-20,2.30780890097819e-17,-0.129538251635133,1.646090257116e-12,"CD46","ENSG00000117335","InEns","rs7523273","E",1,"ENST00000488596",20,"chr1:207966864-207967218(+)",9865,"chr1:207977083","G","A",121,"A","UP","UP",0.250257502096222
"rs7523273:207977083:A:G","e98132",3.53671559349091e-20,3.20029133802288e-17,-0.142618700502867,2.31331937409529e-12,"CD46","ENSG00000117335","InEns","rs7523273","E",1,"ENST00000462968",20,"chr1:207966864-207966953(+)",10130,"chr1:207977083","G","A",121,"A","UP","UP",0.345997062215577
"rs7523273:207977083:A:G","e98127",6.71156536471442e-20,5.91301654939598e-17,-0.142207458336343,4.38994705066908e-12,"CD46","ENSG00000117335","InEns","rs7523273","E",1,"ENST00000471987",20,"chr1:207958964-207959407(+)",17676,"chr1:207977083","G","A",121,"A","UP","UP",0.344617500760445
"rs7523273:207977083:A:G","e97969",8.6583301229498e-20,7.54971111178138e-17,-0.157605437384147,5.66330039588015e-12,"CD46","ENSG00000117335","InEns","rs7523273","E",12,"ENST00000322875;ENST00000354848;ENST00000357714;ENST00000358170;ENST00000361067;ENST00000367041;ENST00000367042;ENST00000367047;ENST00000469535;ENST00000360212;ENST00000480003;ENST00000462968",20,"chr1:207958964-207959027(+)",18056,"chr1:207977083","G","A",121,"A","UP","UP",0.319361397180924
"rs7523273:207977083:A:G","e98119",1.21896263158259e-19,1.04907198358336e-16,-0.162471704108345,7.97307501097322e-12,"CD46","ENSG00000117335","InEns","rs7523273","E",1,"ENST00000488596",20,"chr1:207959001-207959027(+)",18056,"chr1:207977083","G","A",121,"A","UP","UP",0.384148488738113
"rs7523273:207977083:A:G","chr1:207956676-207958415(*)",1.80425765195439e-19,2.76788523581973e-16,-0.174095401933619,8.19097285770937e-12,"CD46","ENSG00000117335","InEns","rs7523273","J",16,"ENST00000322875;ENST00000322918;ENST00000354848;ENST00000357714;ENST00000358170;ENST00000361067;ENST00000367041;ENST00000367042;ENST00000367047;ENST00000441839;ENST00000469535;ENST00000360212;ENST00000480003;ENST00000488596;ENST00000471987;ENST00000462968",20,"chr1:207956676-207958415(*)",18668,"chr1:207977083","G","A",121,"A","UP","UP",0.106740850482373
"rs56873913:50091199:T:G","chr19:50168104-50168928(*)",4.51069193349207e-10,2.32821674692963e-07,-0.536484521103715,0.0204776491631896,"IRF3","ENSG00000126456","InEns","rs56873913","J",3,"ENST00000593337;ENST00000594387;ENST00000601809",31,"chr19:50168104-50168928(*)",-76905,"chr19:50091199","G","T",125,"T","UP","UP",0.500910021389964
"rs56873913:50091199:T:G","e1137835",3.4062880191014e-07,5.58080682458731e-05,-0.207429195615207,1,"IRF3","ENSG00000126456","InEns","rs56873913","E",1,"ENST00000602190",31,"chr19:50164852-50164882(-)",-73653,"chr19:50091199","G","T",125,"T","UP","UP",0.0287556831144382
"rs111896713:140143664:C:CATTGAAAGAAA","e357825",1.55733683067079e-16,9.95096221883858e-14,0.23035340972857,1.01863363540265e-08,"DND1","ENSG00000256453","InEns","rs111896713","E",1,"ENST00000542735",1,"chr5:140053104-140053171(-)",90493,"chr5:140143664","C","CATTGAAAGAAA",128,"I12","DOWN","DOWN",0.613957575127211
"rs111896713:140143664:C:CATTGAAAGAAA","e358141",1.16124299997307e-15,6.75792644870945e-13,-0.0805281579136333,7.59553845611517e-08,"PCDHA7","ENSG00000204963","InEns","rs111896713","E",1,"ENST00000378125",2,"chr5:140213969-140216338(+)",-70305,"chr5:140143664","C","CATTGAAAGAAA",128,"I12","UP","UP",0.364203014829833
"rs111896713:140143664:C:CATTGAAAGAAA","e358137",1.1941327764687e-15,6.93855687746919e-13,-0.0808450789459619,7.81066617890132e-08,"PCDHA7","ENSG00000204963","InEns","rs111896713","E",1,"ENST00000525929",2,"chr5:140213969-140216323(+)",-70305,"chr5:140143664","C","CATTGAAAGAAA",128,"I12","UP","UP",0.371672421613126
"rs111896713:140143664:C:CATTGAAAGAAA","ENSG00000204963",1.29404828003229e-15,4.75284618915787e-13,-0.0431784291077529,7.69464658985898e-09,"PCDHA7","ENSG00000204963","InEns","rs111896713","G",2,"ENST00000378125;ENST00000525929",2,"chr5:140213969-140391929(+)",-70305,"chr5:140143664","C","CATTGAAAGAAA",128,"I12","UP","UP",0.325684079432572
"rs111896713:140143664:C:CATTGAAAGAAA","TCONS_00551419",5.7526906911738e-13,9.01539054322007e-10,0.142117993238088,1.65862394890001e-05,"SRA1","ENSG00000213523","InEns","rs111896713","T",1,"ENST00000602875",6,"chr5:139930137-139937031(-)",206633,"chr5:140143664","C","CATTGAAAGAAA",128,"I12","DOWN","DOWN",0.324468784533264
"rs111896713:140143664:C:CATTGAAAGAAA","e358147",2.50737356561191e-12,9.73674204732049e-10,0.0895386219169417,0.000164004022774678,"PCDHA9","ENSG00000204961","InEns","rs111896713","E",1,"ENST00000532602",2,"chr5:140227048-140230474(+)",-83384,"chr5:140143664","C","CATTGAAAGAAA",128,"I12","DOWN","DOWN",0.648103298731132
"rs111896713:140143664:C:CATTGAAAGAAA","e358151",2.23374415231374e-11,7.6111319549252e-09,0.0530821177630463,0.00146106281031746,"PCDHA9","ENSG00000204961","InEns","rs111896713","E",1,"ENST00000378122",2,"chr5:140227357-140233744(+)",-83693,"chr5:140143664","C","CATTGAAAGAAA",128,"I12","DOWN","DOWN",0.697310205567479
"rs111896713:140143664:C:CATTGAAAGAAA","ENSG00000204961",4.98623154957067e-11,1.06980786135365e-08,0.0350305593482298,0.000296490402878892,"PCDHA9","ENSG00000204961","InEns","rs111896713","G",2,"ENST00000532602;ENST00000378122",2,"chr5:140227048-140391929(+)",-83384,"chr5:140143664","C","CATTGAAAGAAA",128,"I12","DOWN","DOWN",0.629144214569663
"rs111896713:140143664:C:CATTGAAAGAAA","ENSG00000204970",5.76453690811015e-11,1.2254581502537e-08,0.0382696642658427,0.000342769856013402,"PCDHA1","ENSG00000204970","InEns","rs111896713","G",3,"ENST00000378133;ENST00000394633;ENST00000504120",3,"chr5:140165876-140391929(+)",-22212,"chr5:140143664","C","CATTGAAAGAAA",128,"I12","DOWN","DOWN",0.0372910854864803
"rs111896713:140143664:C:CATTGAAAGAAA","e358176",6.45032437570684e-11,2.05575580538731e-08,0.101546008461159,0.00421907273940376,"PCDHA13","ENSG00000239389","InEns","rs111896713","E",1,"ENST00000289272",2,"chr5:140261854-140264247(+)",-118190,"chr5:140143664","C","CATTGAAAGAAA",128,"I12","DOWN","DOWN",0.892009653487179
"rs111896713:140143664:C:CATTGAAAGAAA","e358171",7.37197345619678e-11,2.32941263817969e-08,0.100540076041016,0.00482191133856577,"PCDHA13","ENSG00000239389","InEns","rs111896713","E",1,"ENST00000409494",2,"chr5:140261793-140264247(+)",-118129,"chr5:140143664","C","CATTGAAAGAAA",128,"I12","DOWN","DOWN",0.898257701614513
"rs111896713:140143664:C:CATTGAAAGAAA","e357381",1.54567395764617e-10,4.65083219193311e-08,0.0680893824314277,0.0101100510282425,"SRA1","ENSG00000213523","InEns","rs111896713","E",2,"ENST00000602775;ENST00000336283",6,"chr5:139929653-139930496(-)",213168,"chr5:140143664","C","CATTGAAAGAAA",128,"I12","DOWN","DOWN",0.0865076253312408
"rs111896713:140143664:C:CATTGAAAGAAA","e357383",1.87658257724629e-10,5.57290823967503e-08,0.086252798960533,0.0122744809931086,"SRA1","ENSG00000213523","InEns","rs111896713","E",1,"ENST00000336283",6,"chr5:139936732-139936857(-)",206807,"chr5:140143664","C","CATTGAAAGAAA",128,"I12","DOWN","DOWN",0.250038244797371
"rs111896713:140143664:C:CATTGAAAGAAA","ENSG00000239389",4.1104454662957e-10,7.71776552543062e-08,0.0505987471047281,0.00244414568436691,"PCDHA13","ENSG00000239389","InEns","rs111896713","G",2,"ENST00000409494;ENST00000289272",2,"chr5:140261793-140391929(+)",-118129,"chr5:140143664","C","CATTGAAAGAAA",128,"I12","DOWN","DOWN",0.890590616274314
"rs111896713:140143664:C:CATTGAAAGAAA","er118888",1.82554647529294e-09,4.48408872577169e-07,-0.332988066164774,0.0712294316005794,"PCDHA1","ENSG00000250120","InEns","rs111896713","R",0,"",2,"chr5:140237257-140237729(*)",-93593,"chr5:140143664","C","CATTGAAAGAAA",128,"I12","UP","UP",0.838841863853554
"rs111896713:140143664:C:CATTGAAAGAAA","e357394",3.0813327221029e-09,7.50557317953389e-07,0.0777392639563411,0.201545939888218,"SRA1","ENSG00000213523","InEns","rs111896713","E",1,"ENST00000520427",6,"chr5:139936732-139936917(-)",206747,"chr5:140143664","C","CATTGAAAGAAA",128,"I12","DOWN","DOWN",0.188448600356759
"rs111896713:140143664:C:CATTGAAAGAAA","e357392",3.28260897309011e-09,7.95692740479428e-07,0.070847424360866,0.214711155994678,"SRA1","ENSG00000213523","InEns","rs111896713","E",1,"ENST00000602875",6,"chr5:139930137-139930496(-)",213168,"chr5:140143664","C","CATTGAAAGAAA",128,"I12","DOWN","DOWN",0.223551283367787
"rs111896713:140143664:C:CATTGAAAGAAA","e357389",3.53655932402206e-09,8.52488987261245e-07,0.0702595644009668,0.231321716028128,"SRA1","ENSG00000213523","InEns","rs111896713","E",1,"ENST00000523259",6,"chr5:139930119-139930496(-)",213168,"chr5:140143664","C","CATTGAAAGAAA",128,"I12","DOWN","DOWN",0.215302550179226
"rs111896713:140143664:C:CATTGAAAGAAA","e357378",4.23675086297935e-09,1.00729098501097e-06,0.0742475321199983,0.2771203280406,"SRA1","ENSG00000213523","InEns","rs111896713","E",1,"ENST00000602775",6,"chr5:139936732-139937041(-)",206623,"chr5:140143664","C","CATTGAAAGAAA",128,"I12","DOWN","DOWN",0.167421827543143
"rs111896713:140143664:C:CATTGAAAGAAA","e357387",5.41610458616646e-09,1.263342987156e-06,0.0742872707727352,0.354260311300245,"SRA1","ENSG00000213523","InEns","rs111896713","E",2,"ENST00000523259;ENST00000602875",6,"chr5:139936732-139937031(-)",206633,"chr5:140143664","C","CATTGAAAGAAA",128,"I12","DOWN","DOWN",0.178114850255111
"rs111896713:140143664:C:CATTGAAAGAAA","e357376",6.15497965074058e-09,1.42178668343661e-06,0.0784410498538574,0.402589162086579,"SRA1","ENSG00000213523","InEns","rs111896713","E",1,"ENST00000602657",6,"chr5:139930426-139930496(-)",213168,"chr5:140143664","C","CATTGAAAGAAA",128,"I12","DOWN","DOWN",0.416923817552435
"rs111896713:140143664:C:CATTGAAAGAAA","chr5:139936858-139937012(*)",7.7000219072707e-09,3.21453477689043e-06,0.107841054849709,0.349565763946757,"SRA1","ENSG00000213523","InEns","rs111896713","J",1,"ENST00000336283",6,"chr5:139936858-139937012(*)",206652,"chr5:140143664","C","CATTGAAAGAAA",128,"I12","DOWN","DOWN",0.778683299107124
"rs111896713:140143664:C:CATTGAAAGAAA","er118641",1.10544756230001e-08,2.37982509952896e-06,0.069905854090896,0.431325099593756,"SRA1","ENSG00000213523","InEns","rs111896713","R",0,"",6,"chr5:139929658-139930496(*)",213168,"chr5:140143664","C","CATTGAAAGAAA",128,"I12","DOWN","DOWN",0.0767739262818996
